s_ID,student_name,student_gender,student_age,address,contact,enrollment_date,last_school,repeated_years,health_problem,final_result,is_active
1,بسمة سعيد,أنثى,10,القاهرة، المعادي,01548693194,2023-09-22,مدرسة اللوتس,2,ضغط,راسب,1
2,ندى سالم,أنثى,11,القاهرة، 6 أكتوبر,01289632434,2023-09-07,مدرسة جرين,0,حساسية,راسب,1
3,عمر إبراهيم,ذكر,10,القاهرة، مصر الجديدة,01518550008,2023-09-12,مدرسة المحيط,0,لا يوجد,راسب,1
4,آية فؤاد,أنثى,10,القاهرة، 6 أكتوبر,01053643595,2023-09-14,مدرسة الشروق,2,ربو,راسب,1
5,ندى سالم,أنثى,11,الجيزة، الهرم,01530321850,2023-09-30,مدرسة اللوتس,1,ضغط,ناجح,1
6,دينا سالم,أنثى,12,القاهرة، مدينة نصر,01551238564,2023-09-08,مدرسة جرين,0,ربو,راسب,1
7,آية إبراهيم,أنثى,10,القاهرة، 6 أكتوبر,01502004343,2023-09-14,مدرسة النخيل,1,ربو,راسب,1
8,حسن كامل,ذكر,11,القاهرة، مدينة نصر,01540452529,2023-09-02,مدرسة المستقبل,2,سكر,راسب,1
9,حسن كامل,ذكر,12,الجيزة، الهرم,01235467918,2023-09-17,مدرسة النجوم,0,حساسية,راسب,1
10,يوسف سعيد,ذكر,11,الجيزة، الدقي,01271810563,2023-09-13,مدرسة الشروق,0,لا يوجد,راسب,1
11,هبة حسن,أنثى,12,الإسكندرية، سموحة,01090516508,2023-09-20,مدرسة النجوم,2,ضغط,راسب,1
12,فاطمة حسن,أنثى,11,الجيزة، الهرم,01538450575,2023-09-04,مدرسة النيل,2,سكر,راسب,1
13,محمود عبدالعزيز,ذكر,11,الإسكندرية، العجمي,01198045141,2023-09-01,مدرسة الشروق,0,حساسية,راسب,1
14,هبة فؤاد,أنثى,12,الإسكندرية، العجمي,01025288170,2023-09-20,مدرسة النخيل,0,لا يوجد,ناجح,1
15,حسن سالم,ذكر,11,الجيزة، الهرم,01017048235,2023-09-04,مدرسة الشروق,1,سكر,راسب,1
16,نور عبدالعزيز,أنثى,10,الإسكندرية، سموحة,01067762101,2023-09-20,مدرسة المستقبل,0,لا يوجد,راسب,1
17,محمد سعيد,ذكر,12,القاهرة، مصر الجديدة,01290166883,2023-09-30,مدرسة جرين,0,ضغط,راسب,1
18,يوسف عبدالرحمن,ذكر,12,الإسكندرية، العجمي,01558227243,2023-09-30,مدرسة اللوتس,1,ربو,ناجح,1
19,سارة سعيد,أنثى,12,الجيزة، الهرم,01143272721,2023-09-11,مدرسة النيل,1,سكر,راسب,1
20,آية سالم,أنثى,11,القاهرة، مدينة نصر,01048440264,2023-09-13,مدرسة جرين,0,ربو,راسب,1
21,حسن عبدالله,ذكر,10,الإسكندرية، سموحة,01190911093,2023-09-29,مدرسة جرين,0,حساسية,راسب,1
22,مصطفى سالم,ذكر,12,القاهرة، مدينة نصر,01194238650,2023-09-18,مدرسة المستقبل,1,لا يوجد,راسب,1
23,عمر حسن,ذكر,11,القاهرة، مصر الجديدة,01564731351,2023-09-10,مدرسة المحيط,0,لا يوجد,راسب,1
24,مصطفى كامل,ذكر,11,القاهرة، 6 أكتوبر,01270770774,2023-09-02,مدرسة النيل,1,ضغط,راسب,1
25,يوسف فؤاد,ذكر,10,القاهرة، المعادي,01091814462,2023-09-29,مدرسة النجوم,0,ربو,ناجح,1
26,مصطفى فؤاد,ذكر,10,الإسكندرية، سموحة,01019061565,2023-09-28,مدرسة المستقبل,2,سكر,ناجح,1
27,هبة عبدالله,أنثى,10,القاهرة، مصر الجديدة,01159015726,2023-09-02,مدرسة النخيل,2,ربو,راسب,1
28,بسمة فؤاد,أنثى,10,القاهرة، المعادي,01232955931,2023-09-23,مدرسة المستقبل,0,ضغط,راسب,1
29,رنا حسن,أنثى,10,القاهرة، 6 أكتوبر,01077164453,2023-09-13,مدرسة جرين,0,لا يوجد,راسب,1
30,مريم كامل,أنثى,12,القاهرة، مصر الجديدة,01560139900,2023-09-27,مدرسة النجوم,0,لا يوجد,راسب,1
31,حسن حسن,ذكر,11,القاهرة، 6 أكتوبر,01558077302,2023-09-29,مدرسة المحيط,1,حساسية,راسب,1
32,ندى عبدالله,أنثى,10,الإسكندرية، سموحة,01209298452,2023-09-26,مدرسة المستقبل,0,ربو,ناجح,1
33,نور إبراهيم,أنثى,12,القاهرة، مصر الجديدة,01024965870,2023-09-11,مدرسة جرين,0,ضغط,ناجح,1
34,مريم كامل,أنثى,10,القاهرة، المعادي,01088107432,2023-09-27,مدرسة الشروق,0,حساسية,ناجح,1
35,مصطفى حلمي,ذكر,10,القاهرة، مدينة نصر,01224895294,2023-09-14,مدرسة النخيل,1,ربو,ناجح,1
36,حسن فؤاد,ذكر,10,القاهرة، مصر الجديدة,01057683877,2023-09-29,مدرسة النيل,2,ضغط,ناجح,1
37,دينا سعيد,أنثى,12,القاهرة، مدينة نصر,01246874928,2023-09-11,مدرسة جرين,1,سكر,راسب,1
38,هبة سالم,أنثى,10,الجيزة، الدقي,01262217679,2023-09-05,مدرسة المستقبل,0,لا يوجد,ناجح,1
39,نور عبدالله,أنثى,11,الجيزة، الهرم,01257865668,2023-09-12,مدرسة المستقبل,0,لا يوجد,ناجح,1
40,أحمد إبراهيم,ذكر,12,القاهرة، 6 أكتوبر,01151610882,2023-09-25,مدرسة المستقبل,0,حساسية,راسب,1
41,سارة كامل,أنثى,10,القاهرة، مصر الجديدة,01594514899,2023-09-04,مدرسة النجوم,0,سكر,راسب,1
42,ندى حلمي,أنثى,10,الجيزة، الهرم,01512612003,2023-09-30,مدرسة المستقبل,0,سكر,راسب,1
43,ندى حسن,أنثى,10,القاهرة، مدينة نصر,01020688005,2023-09-21,مدرسة النجوم,0,سكر,ناجح,1
44,مصطفى عبدالله,ذكر,11,الجيزة، الهرم,01531101852,2023-09-06,مدرسة المحيط,0,سكر,راسب,1
45,نور حسن,أنثى,11,القاهرة، المعادي,01249870077,2023-09-15,مدرسة جرين,0,لا يوجد,ناجح,1
46,فاطمة حسن,أنثى,10,القاهرة، مصر الجديدة,01228080432,2023-09-29,مدرسة المحيط,0,حساسية,راسب,1
47,ندى سالم,أنثى,12,الجيزة، الدقي,01003872736,2023-09-27,مدرسة المحيط,0,حساسية,ناجح,1
48,محمود سعيد,ذكر,11,القاهرة، مصر الجديدة,01553849163,2023-09-21,مدرسة المحيط,0,ضغط,ناجح,1
49,مصطفى سالم,ذكر,11,القاهرة، مصر الجديدة,01037121954,2023-09-20,مدرسة اللوتس,0,ربو,ناجح,1
50,عمر عبدالرحمن,ذكر,11,القاهرة، مصر الجديدة,01159392773,2023-09-03,مدرسة النيل,0,ضغط,راسب,1
51,علي عبدالله,ذكر,10,القاهرة، مدينة نصر,01163812837,2023-09-09,مدرسة جرين,0,سكر,ناجح,1
52,محمد إبراهيم,ذكر,12,الإسكندرية، سموحة,01559835851,2023-09-30,مدرسة اللوتس,0,حساسية,ناجح,1
53,ندى حلمي,أنثى,11,الإسكندرية، سموحة,01550849379,2023-09-07,مدرسة النيل,0,حساسية,راسب,1
54,نور حلمي,أنثى,10,القاهرة، 6 أكتوبر,01111876516,2023-09-03,مدرسة اللوتس,0,حساسية,ناجح,1
55,سارة إبراهيم,أنثى,10,الجيزة، الدقي,01162005172,2023-09-29,مدرسة اللوتس,0,لا يوجد,راسب,1
56,سعيد سعيد,ذكر,12,القاهرة، مصر الجديدة,01193267667,2023-09-11,مدرسة النجوم,0,لا يوجد,راسب,1
57,فاطمة سعيد,أنثى,10,الإسكندرية، سموحة,01189607657,2023-09-11,مدرسة جرين,0,ضغط,راسب,1
58,يوسف عبدالرحمن,ذكر,11,الإسكندرية، سموحة,01130929245,2023-09-28,مدرسة النجوم,0,سكر,راسب,1
59,محمد فؤاد,ذكر,10,القاهرة، 6 أكتوبر,01274079313,2023-09-12,مدرسة جرين,0,ربو,راسب,1
60,بسمة سعيد,أنثى,11,القاهرة، المعادي,01194072435,2023-09-07,مدرسة النجوم,0,سكر,ناجح,1
61,محمود سالم,ذكر,11,الإسكندرية، سموحة,01043001532,2023-09-05,مدرسة المحيط,0,سكر,ناجح,1
62,سارة سالم,أنثى,12,الإسكندرية، العجمي,01185783355,2023-09-20,مدرسة الشروق,0,لا يوجد,راسب,1
63,فاطمة عبدالرحمن,أنثى,10,الجيزة، الدقي,01002142047,2023-09-24,مدرسة المحيط,0,لا يوجد,راسب,1
64,محمد عبدالله,ذكر,12,القاهرة، المعادي,01105041248,2023-09-02,مدرسة النيل,2,حساسية,راسب,1
65,خالد كامل,ذكر,12,الإسكندرية، العجمي,01575610989,2023-09-23,مدرسة جرين,2,حساسية,راسب,1
66,بسمة عبدالله,أنثى,12,الإسكندرية، العجمي,01040381662,2023-09-15,مدرسة النخيل,0,حساسية,ناجح,1
67,محمود سالم,ذكر,11,القاهرة، مصر الجديدة,01507693526,2023-09-15,مدرسة النجوم,2,لا يوجد,راسب,1
68,ندى حسن,أنثى,12,القاهرة، مصر الجديدة,01109322555,2023-09-16,مدرسة المحيط,0,ضغط,ناجح,1
69,محمود فؤاد,ذكر,10,القاهرة، مدينة نصر,01054728956,2023-09-08,مدرسة المستقبل,0,حساسية,راسب,1
70,خالد إبراهيم,ذكر,11,القاهرة، المعادي,01199441663,2023-09-24,مدرسة النخيل,0,ضغط,راسب,1
71,سعيد كامل,ذكر,10,الإسكندرية، العجمي,01575845484,2023-09-13,مدرسة اللوتس,0,حساسية,ناجح,1
72,بسمة حسن,أنثى,10,القاهرة، مدينة نصر,01587849499,2023-09-18,مدرسة جرين,0,ضغط,راسب,1
73,سارة فؤاد,أنثى,11,الجيزة، الدقي,01168192821,2023-09-23,مدرسة اللوتس,0,ربو,ناجح,1
74,نور سالم,أنثى,12,الجيزة، الدقي,01502826349,2023-09-22,مدرسة اللوتس,1,ربو,راسب,1
75,فاطمة سعيد,أنثى,11,القاهرة، مصر الجديدة,01534549533,2023-09-24,مدرسة النخيل,0,حساسية,ناجح,1
76,هبة فؤاد,أنثى,10,الجيزة، الدقي,01292718308,2023-09-02,مدرسة النيل,0,لا يوجد,ناجح,1
77,سارة إبراهيم,أنثى,10,القاهرة، 6 أكتوبر,01508706020,2023-09-11,مدرسة اللوتس,0,سكر,ناجح,1
78,هبة عبدالله,أنثى,10,الإسكندرية، العجمي,01263870902,2023-09-24,مدرسة النخيل,0,سكر,راسب,1
79,هبة عبدالرحمن,أنثى,12,القاهرة، مدينة نصر,01005804495,2023-09-30,مدرسة النيل,2,ضغط,راسب,1
80,فاطمة سالم,أنثى,12,القاهرة، المعادي,01590899812,2023-09-13,مدرسة المستقبل,0,حساسية,ناجح,1
81,أحمد كامل,ذكر,12,القاهرة، المعادي,01101347110,2023-09-14,مدرسة الشروق,2,لا يوجد,راسب,1
82,حسن عبدالله,ذكر,10,الإسكندرية، العجمي,01579745749,2023-09-01,مدرسة اللوتس,0,لا يوجد,راسب,1
83,يوسف حسن,ذكر,10,الإسكندرية، سموحة,01096710314,2023-09-25,مدرسة النخيل,0,ضغط,راسب,1
84,يوسف عبدالله,ذكر,11,القاهرة، مدينة نصر,01141148290,2023-09-19,مدرسة النخيل,2,ربو,راسب,1
85,مصطفى حسن,ذكر,12,القاهرة، 6 أكتوبر,01011360145,2023-09-23,مدرسة النخيل,2,ربو,ناجح,1
86,محمد عبدالله,ذكر,10,الإسكندرية، سموحة,01593315935,2023-09-25,مدرسة الشروق,2,سكر,راسب,1
87,حسن سالم,ذكر,12,القاهرة، مدينة نصر,01157812451,2023-09-24,مدرسة الشروق,0,لا يوجد,راسب,1
88,يوسف عبدالرحمن,ذكر,10,الإسكندرية، العجمي,01018659259,2023-09-15,مدرسة المحيط,0,ربو,ناجح,1
89,نور كامل,أنثى,10,الجيزة، الهرم,01016430217,2023-09-26,مدرسة اللوتس,0,حساسية,ناجح,1
90,يوسف فؤاد,ذكر,12,القاهرة، المعادي,01562796950,2023-09-11,مدرسة جرين,2,سكر,ناجح,1
91,آية فؤاد,أنثى,11,الجيزة، الهرم,01180499199,2023-09-09,مدرسة المحيط,2,سكر,ناجح,1
92,عمر حسن,ذكر,11,الإسكندرية، سموحة,01165367422,2023-09-05,مدرسة النجوم,0,حساسية,راسب,1
93,أحمد عبدالرحمن,ذكر,11,القاهرة، المعادي,01202801397,2023-09-26,مدرسة الشروق,1,ضغط,ناجح,1
94,سعيد حسن,ذكر,11,الإسكندرية، العجمي,01534875378,2023-09-07,مدرسة جرين,1,حساسية,ناجح,1
95,علي إبراهيم,ذكر,11,القاهرة، مصر الجديدة,01187311341,2023-09-18,مدرسة اللوتس,0,سكر,ناجح,1
96,فاطمة عبدالعزيز,أنثى,12,الإسكندرية، العجمي,01009652125,2023-09-16,مدرسة المستقبل,1,لا يوجد,ناجح,1
97,هبة سعيد,أنثى,11,الجيزة، الدقي,01515800124,2023-09-01,مدرسة المستقبل,2,لا يوجد,راسب,1
98,محمد عبدالعزيز,ذكر,10,القاهرة، المعادي,01253436131,2023-09-12,مدرسة النخيل,2,ربو,ناجح,1
99,عمر كامل,ذكر,12,الإسكندرية، العجمي,01593220251,2023-09-18,مدرسة النخيل,1,سكر,راسب,1
100,هبة عبدالعزيز,أنثى,11,القاهرة، 6 أكتوبر,01186564410,2023-09-12,مدرسة الشروق,0,لا يوجد,ناجح,1
101,سارة عبدالرحمن,أنثى,10,القاهرة، 6 أكتوبر,01129082655,2023-09-28,مدرسة اللوتس,0,لا يوجد,راسب,1
102,آية عبدالعزيز,أنثى,12,القاهرة، 6 أكتوبر,01067391052,2023-09-28,مدرسة الشروق,2,ضغط,راسب,1
103,علي سالم,ذكر,12,الإسكندرية، سموحة,01048619156,2023-09-12,مدرسة اللوتس,2,سكر,ناجح,1
104,سارة سعيد,أنثى,12,القاهرة، المعادي,01581770546,2023-09-20,مدرسة المحيط,0,ربو,راسب,1
105,خالد كامل,ذكر,12,القاهرة، مدينة نصر,01202341143,2023-09-07,مدرسة النجوم,1,ضغط,ناجح,1
106,عمر سالم,ذكر,11,القاهرة، المعادي,01130364719,2023-09-30,مدرسة جرين,0,لا يوجد,راسب,1
107,آية كامل,أنثى,11,القاهرة، مدينة نصر,01283578496,2023-09-18,مدرسة النيل,0,ربو,ناجح,1
108,حسن عبدالعزيز,ذكر,10,الجيزة، الهرم,01281947761,2023-09-01,مدرسة النيل,0,ربو,راسب,1
109,هبة فؤاد,أنثى,12,القاهرة، مدينة نصر,01078271800,2023-09-30,مدرسة الشروق,1,سكر,راسب,1
110,سعيد حسن,ذكر,11,القاهرة، مصر الجديدة,01084579466,2023-09-18,مدرسة اللوتس,1,ربو,ناجح,1
111,ندى كامل,أنثى,10,القاهرة، مدينة نصر,01067859410,2023-09-06,مدرسة الشروق,0,سكر,راسب,1
112,مريم حسن,أنثى,10,القاهرة، 6 أكتوبر,01548354166,2023-09-07,مدرسة اللوتس,0,ربو,راسب,1
113,دينا عبدالرحمن,أنثى,10,الإسكندرية، سموحة,01567818176,2023-09-23,مدرسة النخيل,0,ضغط,ناجح,1
114,بسمة فؤاد,أنثى,12,الجيزة، الهرم,01111080644,2023-09-09,مدرسة اللوتس,0,حساسية,ناجح,1
115,دينا حلمي,أنثى,10,الإسكندرية، العجمي,01584574772,2023-09-10,مدرسة الشروق,0,لا يوجد,راسب,1
116,أحمد سعيد,ذكر,11,الإسكندرية، العجمي,01529917468,2023-09-24,مدرسة جرين,2,حساسية,ناجح,1
117,خالد كامل,ذكر,11,الجيزة، الدقي,01538180268,2023-09-04,مدرسة المستقبل,0,سكر,ناجح,1
118,دينا حلمي,أنثى,11,القاهرة، مصر الجديدة,01031683417,2023-09-17,مدرسة الشروق,0,حساسية,ناجح,1
119,علي سعيد,ذكر,12,الإسكندرية، سموحة,01282458874,2023-09-06,مدرسة الشروق,0,ربو,ناجح,1
120,فاطمة إبراهيم,أنثى,11,القاهرة، مدينة نصر,01227235833,2023-09-14,مدرسة اللوتس,1,لا يوجد,راسب,1
121,دينا حسن,أنثى,12,القاهرة، مدينة نصر,01187676022,2023-09-27,مدرسة المحيط,2,لا يوجد,ناجح,1
122,دينا حسن,أنثى,12,القاهرة، المعادي,01158181634,2023-09-12,مدرسة النجوم,0,ضغط,ناجح,1
123,سارة إبراهيم,أنثى,11,القاهرة، مصر الجديدة,01053657514,2023-09-14,مدرسة الشروق,0,سكر,راسب,1
124,نور حسن,أنثى,11,الإسكندرية، سموحة,01166884317,2023-09-22,مدرسة اللوتس,2,سكر,ناجح,1
125,مريم فؤاد,أنثى,12,القاهرة، 6 أكتوبر,01255067135,2023-09-07,مدرسة اللوتس,0,ضغط,ناجح,1
126,خالد سعيد,ذكر,11,القاهرة، 6 أكتوبر,01240387388,2023-09-10,مدرسة اللوتس,1,حساسية,ناجح,1
127,عمر عبدالله,ذكر,12,القاهرة، مصر الجديدة,01566478062,2023-09-01,مدرسة النيل,0,سكر,ناجح,1
128,هبة عبدالعزيز,أنثى,12,القاهرة، المعادي,01114753903,2023-09-01,مدرسة جرين,2,ربو,ناجح,1
129,خالد عبدالعزيز,ذكر,12,الإسكندرية، سموحة,01248606912,2023-09-23,مدرسة المستقبل,0,سكر,راسب,1
130,دينا سعيد,أنثى,12,القاهرة، مصر الجديدة,01205017254,2023-09-13,مدرسة النجوم,0,ضغط,راسب,1
131,محمد إبراهيم,ذكر,12,القاهرة، المعادي,01100289769,2023-09-10,مدرسة المستقبل,0,ربو,ناجح,1
132,دينا سعيد,أنثى,10,القاهرة، مصر الجديدة,01264490983,2023-09-23,مدرسة النخيل,2,ضغط,ناجح,1
133,يوسف كامل,ذكر,10,الإسكندرية، العجمي,01088298271,2023-09-17,مدرسة النيل,0,لا يوجد,ناجح,1
134,دينا سالم,أنثى,11,الجيزة، الدقي,01000751876,2023-09-03,مدرسة جرين,0,حساسية,راسب,1
135,عمر سعيد,ذكر,12,الإسكندرية، سموحة,01556601123,2023-09-28,مدرسة جرين,2,ضغط,راسب,1
136,أحمد فؤاد,ذكر,11,الجيزة، الهرم,01262222123,2023-09-05,مدرسة النيل,0,سكر,راسب,1
137,نور حلمي,أنثى,10,الإسكندرية، سموحة,01590267203,2023-09-16,مدرسة النجوم,0,ربو,ناجح,1
138,حسن سالم,ذكر,11,القاهرة، مصر الجديدة,01558175546,2023-09-26,مدرسة النجوم,1,ضغط,ناجح,1
139,عمر فؤاد,ذكر,11,الجيزة، الدقي,01261822870,2023-09-10,مدرسة المحيط,0,لا يوجد,ناجح,1
140,حسن سعيد,ذكر,10,القاهرة، مدينة نصر,01507259608,2023-09-06,مدرسة النجوم,0,ربو,ناجح,1
141,مريم سعيد,أنثى,10,الجيزة، الدقي,01272355378,2023-09-16,مدرسة النخيل,0,حساسية,ناجح,1
142,محمود سالم,ذكر,11,القاهرة، مدينة نصر,01056566870,2023-09-05,مدرسة جرين,0,سكر,ناجح,1
143,آية حسن,أنثى,11,الإسكندرية، سموحة,01567922167,2023-09-12,مدرسة المستقبل,2,لا يوجد,ناجح,1
144,دينا عبدالله,أنثى,11,الإسكندرية، العجمي,01282408816,2023-09-22,مدرسة جرين,0,ضغط,راسب,1
145,نور سعيد,أنثى,12,الإسكندرية، العجمي,01268868371,2023-09-26,مدرسة اللوتس,2,ربو,راسب,1
146,رنا عبدالعزيز,أنثى,12,الجيزة، الهرم,01167663077,2023-09-11,مدرسة المستقبل,0,ضغط,ناجح,1
147,خالد سالم,ذكر,12,الجيزة، الدقي,01546733115,2023-09-16,مدرسة النجوم,0,ضغط,ناجح,1
148,نور حلمي,أنثى,10,القاهرة، مصر الجديدة,01268625825,2023-09-18,مدرسة النخيل,1,لا يوجد,ناجح,1
149,يوسف عبدالله,ذكر,12,القاهرة، مصر الجديدة,01531307021,2023-09-09,مدرسة المحيط,0,حساسية,راسب,1
150,فاطمة عبدالعزيز,أنثى,12,الإسكندرية، سموحة,01124714504,2023-09-08,مدرسة المستقبل,1,حساسية,ناجح,1
151,عمر فؤاد,ذكر,12,القاهرة، مدينة نصر,01283063481,2023-09-02,مدرسة المحيط,0,لا يوجد,راسب,1
152,دينا عبدالعزيز,أنثى,10,القاهرة، مدينة نصر,01281568103,2023-09-20,مدرسة جرين,0,لا يوجد,راسب,1
153,فاطمة كامل,أنثى,10,الإسكندرية، سموحة,01554391323,2023-09-27,مدرسة المحيط,0,ضغط,راسب,1
154,سعيد عبدالله,ذكر,12,القاهرة، 6 أكتوبر,01295215785,2023-09-19,مدرسة المستقبل,1,ضغط,راسب,1
155,سعيد عبدالعزيز,ذكر,12,الإسكندرية، سموحة,01275317695,2023-09-11,مدرسة المستقبل,0,لا يوجد,ناجح,1
156,نور عبدالرحمن,أنثى,10,الإسكندرية، سموحة,01147951120,2023-09-19,مدرسة النجوم,2,لا يوجد,راسب,1
157,أحمد حلمي,ذكر,10,القاهرة، المعادي,01224235727,2023-09-09,مدرسة النخيل,2,لا يوجد,ناجح,1
158,آية كامل,أنثى,10,الإسكندرية، سموحة,01045855269,2023-09-30,مدرسة النيل,1,ربو,ناجح,1
159,سارة حلمي,أنثى,12,الجيزة، الهرم,01548411230,2023-09-03,مدرسة النيل,1,ضغط,راسب,1
160,مصطفى إبراهيم,ذكر,12,الإسكندرية، العجمي,01091527035,2023-09-16,مدرسة جرين,0,حساسية,ناجح,1
161,سعيد فؤاد,ذكر,11,الإسكندرية، سموحة,01143050914,2023-09-07,مدرسة المحيط,0,ربو,راسب,1
162,دينا فؤاد,أنثى,11,الإسكندرية، العجمي,01199774349,2023-09-22,مدرسة المحيط,0,حساسية,راسب,1
163,محمد كامل,ذكر,11,القاهرة، مدينة نصر,01195848259,2023-09-01,مدرسة اللوتس,0,ربو,راسب,1
164,دينا عبدالعزيز,أنثى,10,القاهرة، 6 أكتوبر,01169238685,2023-09-26,مدرسة المحيط,0,لا يوجد,راسب,1
165,ندى عبدالعزيز,أنثى,12,الإسكندرية، العجمي,01149813725,2023-09-14,مدرسة الشروق,0,ربو,راسب,1
166,سارة سالم,أنثى,11,القاهرة، مدينة نصر,01093404253,2023-09-15,مدرسة المحيط,0,ربو,ناجح,1
167,محمد إبراهيم,ذكر,12,القاهرة، مصر الجديدة,01155478823,2023-09-23,مدرسة النيل,1,ضغط,ناجح,1
168,محمد حسن,ذكر,11,القاهرة، 6 أكتوبر,01183614629,2023-09-23,مدرسة الشروق,1,ربو,راسب,1
169,رنا عبدالله,أنثى,12,الإسكندرية، سموحة,01533780361,2023-09-23,مدرسة النيل,0,ضغط,راسب,1
170,محمود عبدالرحمن,ذكر,11,القاهرة، مصر الجديدة,01136254102,2023-09-17,مدرسة المحيط,0,حساسية,ناجح,1
171,محمود حسن,ذكر,10,القاهرة، مدينة نصر,01237135789,2023-09-11,مدرسة النخيل,0,لا يوجد,راسب,1
172,رنا كامل,أنثى,11,الإسكندرية، العجمي,01011034789,2023-09-29,مدرسة النخيل,2,حساسية,ناجح,1
173,نور عبدالله,أنثى,10,الجيزة، الهرم,01525454487,2023-09-29,مدرسة اللوتس,0,ربو,راسب,1
174,خالد عبدالرحمن,ذكر,10,القاهرة، المعادي,01259872070,2023-09-01,مدرسة الشروق,0,حساسية,راسب,1
175,مصطفى سعيد,ذكر,10,الجيزة، الدقي,01231174822,2023-09-20,مدرسة النيل,0,حساسية,ناجح,1
176,علي إبراهيم,ذكر,11,الجيزة، الهرم,01555370332,2023-09-12,مدرسة جرين,0,حساسية,راسب,1
177,مصطفى سالم,ذكر,12,القاهرة، 6 أكتوبر,01218268421,2023-09-20,مدرسة النيل,0,ربو,ناجح,1
178,يوسف عبدالرحمن,ذكر,12,القاهرة، المعادي,01535741483,2023-09-07,مدرسة النجوم,2,ضغط,راسب,1
179,مصطفى حسن,ذكر,12,الجيزة، الدقي,01110702810,2023-09-16,مدرسة النخيل,0,ضغط,ناجح,1
180,نور عبدالرحمن,أنثى,11,الإسكندرية، العجمي,01023143772,2023-09-21,مدرسة جرين,2,لا يوجد,ناجح,1
181,يوسف عبدالله,ذكر,10,القاهرة، مصر الجديدة,01146936636,2023-09-12,مدرسة النخيل,1,لا يوجد,ناجح,1
182,علي سالم,ذكر,10,الإسكندرية، سموحة,01132726000,2023-09-28,مدرسة النخيل,0,ضغط,راسب,1
183,يوسف إبراهيم,ذكر,10,الإسكندرية، العجمي,01007662653,2023-09-09,مدرسة النيل,0,حساسية,ناجح,1
184,فاطمة سالم,أنثى,11,الإسكندرية، سموحة,01192726173,2023-09-13,مدرسة المستقبل,0,ربو,ناجح,1
185,رنا إبراهيم,أنثى,12,الجيزة، الهرم,01154353128,2023-09-28,مدرسة الشروق,0,سكر,ناجح,1
186,مريم عبدالرحمن,أنثى,11,القاهرة، 6 أكتوبر,01593020444,2023-09-05,مدرسة النجوم,2,لا يوجد,ناجح,1
187,فاطمة عبدالعزيز,أنثى,12,الإسكندرية، سموحة,01582433099,2023-09-16,مدرسة جرين,1,سكر,ناجح,1
188,نور سعيد,أنثى,10,القاهرة، المعادي,01599722790,2023-09-15,مدرسة النجوم,2,ضغط,راسب,1
189,محمود حلمي,ذكر,10,القاهرة، المعادي,01109653549,2023-09-06,مدرسة جرين,0,سكر,راسب,1
190,أحمد عبدالرحمن,ذكر,10,الإسكندرية، العجمي,01166903603,2023-09-18,مدرسة الشروق,0,لا يوجد,راسب,1
191,آية عبدالعزيز,أنثى,10,الإسكندرية، سموحة,01576166575,2023-09-05,مدرسة المستقبل,2,ضغط,راسب,1
192,عمر سالم,ذكر,12,الجيزة، الهرم,01160472496,2023-09-05,مدرسة المحيط,1,سكر,ناجح,1
193,مريم فؤاد,أنثى,10,الإسكندرية، العجمي,01567091333,2023-09-10,مدرسة اللوتس,0,سكر,راسب,1
194,دينا عبدالله,أنثى,12,القاهرة، 6 أكتوبر,01253539331,2023-09-21,مدرسة المستقبل,1,سكر,راسب,1
195,دينا سعيد,أنثى,12,القاهرة، المعادي,01076292923,2023-09-08,مدرسة المحيط,2,ربو,ناجح,1
196,محمد عبدالرحمن,ذكر,11,الإسكندرية، سموحة,01135913776,2023-09-21,مدرسة جرين,0,لا يوجد,ناجح,1
197,خالد عبدالله,ذكر,11,القاهرة، 6 أكتوبر,01105267671,2023-09-20,مدرسة المحيط,2,ربو,ناجح,1
198,سعيد إبراهيم,ذكر,11,القاهرة، مدينة نصر,01075623074,2023-09-03,مدرسة النخيل,2,سكر,راسب,1
199,رنا عبدالرحمن,أنثى,10,القاهرة، مصر الجديدة,01096900819,2023-09-20,مدرسة الشروق,1,ربو,راسب,1
200,علي عبدالعزيز,ذكر,11,الإسكندرية، العجمي,01042860041,2023-09-21,مدرسة اللوتس,2,لا يوجد,ناجح,1
201,ندى كامل,أنثى,10,الجيزة، الدقي,01565342195,2023-09-09,مدرسة اللوتس,0,سكر,راسب,1
202,أحمد سالم,ذكر,12,القاهرة، 6 أكتوبر,01581078901,2023-09-13,مدرسة النجوم,2,سكر,ناجح,1
203,ندى حسن,أنثى,12,القاهرة، مدينة نصر,01213703566,2023-09-24,مدرسة المستقبل,2,ضغط,ناجح,1
204,مصطفى عبدالله,ذكر,10,القاهرة، مصر الجديدة,01030137383,2023-09-26,مدرسة اللوتس,1,سكر,راسب,1
205,دينا إبراهيم,أنثى,12,الجيزة، الدقي,01220536982,2023-09-17,مدرسة المستقبل,0,حساسية,ناجح,1
206,هبة حلمي,أنثى,12,القاهرة، مدينة نصر,01015044971,2023-09-27,مدرسة جرين,0,ضغط,ناجح,1
207,بسمة حسن,أنثى,11,الإسكندرية، العجمي,01563978687,2023-09-17,مدرسة النخيل,0,ضغط,راسب,1
208,سارة فؤاد,أنثى,10,القاهرة، مصر الجديدة,01106772256,2023-09-02,مدرسة المحيط,2,حساسية,راسب,1
209,حسن سالم,ذكر,11,القاهرة، مدينة نصر,01548118392,2023-09-13,مدرسة المستقبل,1,سكر,ناجح,1
210,محمد عبدالعزيز,ذكر,10,القاهرة، 6 أكتوبر,01204680672,2023-09-15,مدرسة النجوم,2,سكر,راسب,1
211,محمد فؤاد,ذكر,11,القاهرة، مصر الجديدة,01538255968,2023-09-14,مدرسة النخيل,0,حساسية,راسب,1
212,بسمة عبدالله,أنثى,11,الإسكندرية، العجمي,01574755354,2023-09-04,مدرسة النخيل,0,حساسية,ناجح,1
213,دينا سعيد,أنثى,12,القاهرة، مصر الجديدة,01576027914,2023-09-11,مدرسة النجوم,0,ربو,راسب,1
214,عمر حلمي,ذكر,11,القاهرة، مصر الجديدة,01535833995,2023-09-27,مدرسة النخيل,0,لا يوجد,ناجح,1
215,محمود كامل,ذكر,10,القاهرة، المعادي,01272264528,2023-09-15,مدرسة المستقبل,0,حساسية,راسب,1
216,هبة فؤاد,أنثى,10,الجيزة، الهرم,01143107276,2023-09-12,مدرسة النجوم,0,لا يوجد,ناجح,1
217,بسمة عبدالرحمن,أنثى,11,القاهرة، مصر الجديدة,01009745132,2023-09-28,مدرسة النخيل,0,لا يوجد,ناجح,1
218,محمود حسن,ذكر,11,القاهرة، مدينة نصر,01107565597,2023-09-11,مدرسة النيل,2,ربو,راسب,1
219,فاطمة حلمي,أنثى,12,الإسكندرية، سموحة,01267626081,2023-09-14,مدرسة النيل,2,حساسية,راسب,1
220,فاطمة سعيد,أنثى,11,الجيزة، الدقي,01105000876,2023-09-04,مدرسة الشروق,0,سكر,ناجح,1
221,خالد حسن,ذكر,12,الجيزة، الهرم,01296628175,2023-09-01,مدرسة النجوم,2,سكر,راسب,1
222,محمود سالم,ذكر,12,القاهرة، المعادي,01020218019,2023-09-17,مدرسة النخيل,0,سكر,راسب,1
223,حسن عبدالله,ذكر,12,الإسكندرية، سموحة,01010263416,2023-09-03,مدرسة النخيل,0,حساسية,راسب,1
224,بسمة فؤاد,أنثى,11,الإسكندرية، سموحة,01245597788,2023-09-22,مدرسة المحيط,0,حساسية,ناجح,1
225,سعيد حسن,ذكر,11,الجيزة، الدقي,01200874020,2023-09-11,مدرسة المحيط,2,سكر,راسب,1
226,مصطفى سعيد,ذكر,10,القاهرة، 6 أكتوبر,01036262268,2023-09-17,مدرسة المستقبل,2,سكر,ناجح,1
227,فاطمة سالم,أنثى,11,القاهرة، مدينة نصر,01156031358,2023-09-06,مدرسة الشروق,2,سكر,ناجح,1
228,محمود عبدالعزيز,ذكر,11,القاهرة، المعادي,01076058699,2023-09-02,مدرسة المحيط,0,ضغط,راسب,1
229,سارة حلمي,أنثى,10,القاهرة، مدينة نصر,01511216044,2023-09-16,مدرسة الشروق,1,سكر,راسب,1
230,محمد عبدالعزيز,ذكر,12,القاهرة، 6 أكتوبر,01266983125,2023-09-01,مدرسة اللوتس,0,ضغط,ناجح,1
231,مصطفى سعيد,ذكر,12,الجيزة، الدقي,01074580596,2023-09-20,مدرسة النيل,1,ضغط,راسب,1
232,مريم عبدالله,أنثى,12,الجيزة، الهرم,01254829779,2023-09-11,مدرسة اللوتس,0,ربو,راسب,1
233,بسمة عبدالله,أنثى,10,القاهرة، مدينة نصر,01294049881,2023-09-23,مدرسة الشروق,0,حساسية,راسب,1
234,آية سالم,أنثى,10,الجيزة، الدقي,01146691173,2023-09-22,مدرسة المحيط,0,لا يوجد,ناجح,1
235,رنا حلمي,أنثى,12,الإسكندرية، العجمي,01522379360,2023-09-08,مدرسة المحيط,1,حساسية,راسب,1
236,مريم إبراهيم,أنثى,11,القاهرة، مصر الجديدة,01229077310,2023-09-11,مدرسة المحيط,0,سكر,راسب,1
237,رنا سالم,أنثى,11,القاهرة، مصر الجديدة,01507173759,2023-09-15,مدرسة المحيط,0,ربو,ناجح,1
238,محمود حسن,ذكر,11,القاهرة، المعادي,01188102209,2023-09-26,مدرسة جرين,2,ربو,راسب,1
239,آية عبدالعزيز,أنثى,11,القاهرة، المعادي,01270313289,2023-09-24,مدرسة النيل,0,سكر,ناجح,1
240,محمود حسن,ذكر,10,القاهرة، 6 أكتوبر,01127495842,2023-09-09,مدرسة جرين,0,سكر,ناجح,1
241,عمر عبدالله,ذكر,11,الجيزة، الهرم,01012774576,2023-09-15,مدرسة النخيل,0,حساسية,راسب,1
242,علي فؤاد,ذكر,11,الإسكندرية، العجمي,01512833606,2023-09-11,مدرسة المستقبل,1,حساسية,راسب,1
243,عمر حسن,ذكر,12,الإسكندرية، العجمي,01062080894,2023-09-21,مدرسة المحيط,0,ربو,ناجح,1
244,مريم حسن,أنثى,12,القاهرة، مصر الجديدة,01247500240,2023-09-07,مدرسة النجوم,1,لا يوجد,راسب,1
245,علي عبدالرحمن,ذكر,10,القاهرة، المعادي,01592357584,2023-09-05,مدرسة المحيط,0,سكر,راسب,1
246,مريم عبدالرحمن,أنثى,11,القاهرة، مصر الجديدة,01570659758,2023-09-04,مدرسة النيل,2,سكر,راسب,1
247,مريم حسن,أنثى,12,الجيزة، الهرم,01177956079,2023-09-16,مدرسة النخيل,0,ضغط,ناجح,1
248,بسمة عبدالله,أنثى,11,الإسكندرية، سموحة,01184075973,2023-09-02,مدرسة النيل,0,ضغط,راسب,1
249,حسن عبدالعزيز,ذكر,11,الجيزة، الدقي,01120970706,2023-09-29,مدرسة المحيط,0,ربو,ناجح,1
250,فاطمة حسن,أنثى,10,القاهرة، المعادي,01145312943,2023-09-28,مدرسة النجوم,1,حساسية,راسب,1
251,فاطمة حسن,أنثى,12,القاهرة، المعادي,01095884890,2023-09-03,مدرسة النخيل,1,ربو,ناجح,1
252,رنا حلمي,أنثى,12,القاهرة، المعادي,01185181990,2023-09-08,مدرسة النخيل,2,ربو,راسب,1
253,خالد عبدالله,ذكر,12,الجيزة، الدقي,01523334179,2023-09-20,مدرسة النجوم,0,ربو,راسب,1
254,مصطفى حلمي,ذكر,11,الجيزة، الدقي,01175301141,2023-09-29,مدرسة النخيل,0,ربو,ناجح,1
255,بسمة عبدالعزيز,أنثى,11,القاهرة، مصر الجديدة,01064822901,2023-09-14,مدرسة جرين,0,سكر,ناجح,1
256,آية سالم,أنثى,10,الجيزة، الهرم,01562328237,2023-09-19,مدرسة النجوم,0,ضغط,راسب,1
257,نور حسن,أنثى,12,القاهرة، مدينة نصر,01599257899,2023-09-28,مدرسة اللوتس,1,ربو,ناجح,1
258,سارة عبدالعزيز,أنثى,12,القاهرة، المعادي,01130231208,2023-09-29,مدرسة النيل,1,لا يوجد,ناجح,1
259,فاطمة كامل,أنثى,11,الإسكندرية، سموحة,01592357828,2023-09-13,مدرسة جرين,1,ربو,ناجح,1
260,ندى سالم,أنثى,11,القاهرة، المعادي,01197781917,2023-09-03,مدرسة النيل,0,سكر,ناجح,1
261,دينا إبراهيم,أنثى,11,القاهرة، مدينة نصر,01581298951,2023-09-26,مدرسة الشروق,1,لا يوجد,راسب,1
262,علي فؤاد,ذكر,10,القاهرة، المعادي,01027008145,2023-09-05,مدرسة المحيط,0,حساسية,راسب,1
263,نور إبراهيم,أنثى,11,الإسكندرية، العجمي,01222689204,2023-09-09,مدرسة المحيط,2,ربو,ناجح,1
264,محمد عبدالله,ذكر,12,القاهرة، 6 أكتوبر,01194333342,2023-09-08,مدرسة جرين,0,حساسية,راسب,1
265,رنا فؤاد,أنثى,10,الجيزة، الدقي,01552021812,2023-09-24,مدرسة النيل,2,سكر,راسب,1
266,دينا كامل,أنثى,10,القاهرة، المعادي,01516371513,2023-09-25,مدرسة النيل,2,لا يوجد,ناجح,1
267,هبة سعيد,أنثى,10,الجيزة، الدقي,01512326856,2023-09-19,مدرسة المستقبل,0,ضغط,ناجح,1
268,ندى فؤاد,أنثى,11,الإسكندرية، العجمي,01570739230,2023-09-25,مدرسة اللوتس,0,ضغط,راسب,1
269,فاطمة عبدالعزيز,أنثى,11,الإسكندرية، سموحة,01252961658,2023-09-11,مدرسة المستقبل,2,لا يوجد,راسب,1
270,ندى فؤاد,أنثى,11,الجيزة، الدقي,01073999226,2023-09-13,مدرسة المحيط,1,ربو,راسب,1
271,حسن حسن,ذكر,10,الجيزة، الهرم,01514586287,2023-09-04,مدرسة النجوم,0,لا يوجد,ناجح,1
272,مصطفى حلمي,ذكر,12,الإسكندرية، العجمي,01102350964,2023-09-20,مدرسة النيل,0,حساسية,راسب,1
273,سعيد كامل,ذكر,12,الجيزة، الهرم,01536289157,2023-09-09,مدرسة النيل,0,سكر,راسب,1
274,هبة عبدالعزيز,أنثى,11,القاهرة، المعادي,01548134041,2023-09-24,مدرسة اللوتس,0,ضغط,ناجح,1
275,سارة عبدالعزيز,أنثى,12,الإسكندرية، العجمي,01167874777,2023-09-10,مدرسة اللوتس,0,سكر,راسب,1
276,مصطفى فؤاد,ذكر,10,الإسكندرية، سموحة,01298379585,2023-09-06,مدرسة اللوتس,1,ضغط,ناجح,1
277,فاطمة عبدالعزيز,أنثى,10,الإسكندرية، العجمي,01107748833,2023-09-12,مدرسة المحيط,1,لا يوجد,ناجح,1
278,هبة حسن,أنثى,12,الإسكندرية، سموحة,01130797254,2023-09-27,مدرسة اللوتس,0,ضغط,ناجح,1
279,خالد عبدالعزيز,ذكر,10,الإسكندرية، سموحة,01560961131,2023-09-01,مدرسة النيل,0,لا يوجد,ناجح,1
280,حسن إبراهيم,ذكر,10,الإسكندرية، العجمي,01195627520,2023-09-24,مدرسة المستقبل,0,سكر,ناجح,1
281,نور عبدالرحمن,أنثى,11,الإسكندرية، سموحة,01145744107,2023-09-30,مدرسة اللوتس,0,لا يوجد,راسب,1
282,خالد سالم,ذكر,11,الإسكندرية، العجمي,01124516691,2023-09-08,مدرسة جرين,1,سكر,ناجح,1
283,علي إبراهيم,ذكر,12,القاهرة، المعادي,01036565103,2023-09-10,مدرسة النخيل,0,سكر,راسب,1
284,دينا عبدالرحمن,أنثى,10,القاهرة، مصر الجديدة,01139919733,2023-09-03,مدرسة النخيل,2,لا يوجد,راسب,1
285,فاطمة عبدالرحمن,أنثى,12,القاهرة، مصر الجديدة,01257897450,2023-09-26,مدرسة النجوم,1,ضغط,ناجح,1
286,محمد إبراهيم,ذكر,11,الجيزة، الدقي,01571533192,2023-09-09,مدرسة المستقبل,0,لا يوجد,ناجح,1
287,محمد سالم,ذكر,10,الجيزة، الدقي,01080901627,2023-09-18,مدرسة النجوم,0,ضغط,ناجح,1
288,دينا حسن,أنثى,11,القاهرة، مدينة نصر,01086606612,2023-09-26,مدرسة المستقبل,0,لا يوجد,راسب,1
289,هبة كامل,أنثى,10,الجيزة، الدقي,01052324984,2023-09-27,مدرسة جرين,0,ضغط,راسب,1
290,سعيد عبدالرحمن,ذكر,12,القاهرة، 6 أكتوبر,01153353942,2023-09-09,مدرسة جرين,0,ربو,راسب,1
291,بسمة سعيد,أنثى,10,الجيزة، الدقي,01527537074,2023-09-25,مدرسة المحيط,0,ضغط,ناجح,1
292,ندى عبدالرحمن,أنثى,10,القاهرة، المعادي,01591811069,2023-09-13,مدرسة النيل,0,ربو,راسب,1
293,رنا كامل,أنثى,12,القاهرة، مصر الجديدة,01221724636,2023-09-24,مدرسة المستقبل,0,لا يوجد,راسب,1
294,أحمد إبراهيم,ذكر,11,الجيزة، الدقي,01538586060,2023-09-10,مدرسة اللوتس,2,ربو,راسب,1
295,مصطفى كامل,ذكر,10,القاهرة، مدينة نصر,01550470959,2023-09-27,مدرسة النخيل,1,سكر,راسب,1
296,مصطفى عبدالعزيز,ذكر,11,القاهرة، 6 أكتوبر,01575415460,2023-09-07,مدرسة المحيط,0,ربو,ناجح,1
297,دينا سعيد,أنثى,11,الإسكندرية، سموحة,01578253247,2023-09-03,مدرسة المستقبل,0,ربو,راسب,1
298,ندى عبدالله,أنثى,11,القاهرة، المعادي,01576117793,2023-09-27,مدرسة الشروق,1,ربو,راسب,1
299,دينا عبدالعزيز,أنثى,11,القاهرة، 6 أكتوبر,01156374626,2023-09-07,مدرسة النخيل,0,لا يوجد,راسب,1
300,أحمد إبراهيم,ذكر,11,الإسكندرية، العجمي,01195705445,2023-09-17,مدرسة المستقبل,0,سكر,راسب,1
301,محمد سالم,ذكر,12,الجيزة، الهرم,01237393406,2023-09-16,مدرسة الشروق,0,ضغط,راسب,1
302,محمود حلمي,ذكر,11,القاهرة، 6 أكتوبر,01163678072,2023-09-22,مدرسة النيل,2,ضغط,راسب,1
303,أحمد عبدالله,ذكر,10,القاهرة، مدينة نصر,01091503939,2023-09-22,مدرسة المستقبل,0,ربو,ناجح,1
304,نور عبدالرحمن,أنثى,11,الجيزة، الهرم,01115597935,2023-09-19,مدرسة المستقبل,0,لا يوجد,راسب,1
305,خالد عبدالعزيز,ذكر,10,القاهرة، مدينة نصر,01151374317,2023-09-19,مدرسة اللوتس,1,سكر,ناجح,1
306,بسمة حسن,أنثى,11,الإسكندرية، سموحة,01136826885,2023-09-09,مدرسة المستقبل,0,سكر,راسب,1
307,يوسف إبراهيم,ذكر,10,القاهرة، المعادي,01575510204,2023-09-27,مدرسة النخيل,0,سكر,ناجح,1
308,فاطمة فؤاد,أنثى,11,الإسكندرية، سموحة,01023890941,2023-09-23,مدرسة المحيط,0,لا يوجد,ناجح,1
309,نور سعيد,أنثى,10,القاهرة، مصر الجديدة,01003822802,2023-09-22,مدرسة النخيل,0,حساسية,ناجح,1
310,هبة عبدالرحمن,أنثى,10,القاهرة، مدينة نصر,01511892994,2023-09-14,مدرسة النجوم,0,لا يوجد,ناجح,1
311,هبة عبدالله,أنثى,11,القاهرة، 6 أكتوبر,01504560347,2023-09-11,مدرسة النخيل,1,لا يوجد,ناجح,1
312,يوسف عبدالرحمن,ذكر,12,القاهرة، مصر الجديدة,01219441764,2023-09-06,مدرسة المحيط,2,سكر,ناجح,1
313,سعيد حلمي,ذكر,12,القاهرة، مدينة نصر,01507225986,2023-09-03,مدرسة جرين,2,ربو,ناجح,1
314,حسن حلمي,ذكر,12,الإسكندرية، سموحة,01052173703,2023-09-10,مدرسة المستقبل,1,حساسية,ناجح,1
315,مصطفى كامل,ذكر,12,الإسكندرية، سموحة,01148993091,2023-09-12,مدرسة المستقبل,0,سكر,ناجح,1
316,بسمة إبراهيم,أنثى,11,الجيزة، الدقي,01562389152,2023-09-17,مدرسة المستقبل,0,لا يوجد,ناجح,1
317,رنا إبراهيم,أنثى,10,القاهرة، مدينة نصر,01085228298,2023-09-28,مدرسة الشروق,0,سكر,ناجح,1
318,عمر سالم,ذكر,12,القاهرة، 6 أكتوبر,01127266031,2023-09-07,مدرسة النجوم,0,ضغط,راسب,1
319,سعيد فؤاد,ذكر,12,القاهرة، مصر الجديدة,01096789666,2023-09-16,مدرسة المستقبل,0,لا يوجد,راسب,1
320,ندى كامل,أنثى,10,القاهرة، المعادي,01078477444,2023-09-26,مدرسة النجوم,0,لا يوجد,راسب,1
321,مريم سعيد,أنثى,10,الإسكندرية، سموحة,01084419329,2023-09-11,مدرسة اللوتس,2,ضغط,ناجح,1
322,أحمد عبدالله,ذكر,11,الإسكندرية، سموحة,01507732471,2023-09-24,مدرسة النيل,0,سكر,راسب,1
323,رنا عبدالله,أنثى,12,الإسكندرية، سموحة,01112304182,2023-09-26,مدرسة الشروق,2,ضغط,راسب,1
324,سارة حلمي,أنثى,10,الجيزة، الدقي,01226040663,2023-09-08,مدرسة اللوتس,0,ضغط,راسب,1
325,بسمة سالم,أنثى,10,القاهرة، 6 أكتوبر,01541909251,2023-09-11,مدرسة المحيط,1,ربو,راسب,1
326,مريم إبراهيم,أنثى,11,القاهرة، مدينة نصر,01144187345,2023-09-19,مدرسة المحيط,0,ضغط,راسب,1
327,محمود حسن,ذكر,10,القاهرة، مدينة نصر,01074747068,2023-09-01,مدرسة المستقبل,1,سكر,راسب,1
328,علي عبدالعزيز,ذكر,11,القاهرة، مصر الجديدة,01228638970,2023-09-07,مدرسة المستقبل,1,ضغط,راسب,1
329,علي حسن,ذكر,10,القاهرة، المعادي,01587815626,2023-09-19,مدرسة النجوم,0,حساسية,راسب,1
330,خالد فؤاد,ذكر,10,القاهرة، 6 أكتوبر,01534436602,2023-09-17,مدرسة اللوتس,0,لا يوجد,ناجح,1
331,أحمد حسن,ذكر,12,الجيزة، الهرم,01598148932,2023-09-13,مدرسة النيل,0,ضغط,ناجح,1
332,آية إبراهيم,أنثى,11,القاهرة، مدينة نصر,01245761754,2023-09-14,مدرسة النجوم,2,لا يوجد,ناجح,1
333,خالد إبراهيم,ذكر,10,القاهرة، المعادي,01172298401,2023-09-12,مدرسة المستقبل,0,لا يوجد,راسب,1
334,يوسف حسن,ذكر,11,القاهرة، 6 أكتوبر,01247562003,2023-09-10,مدرسة النجوم,2,لا يوجد,راسب,1
335,سعيد حلمي,ذكر,12,الإسكندرية، سموحة,01578929034,2023-09-14,مدرسة المحيط,0,حساسية,ناجح,1
336,محمد سالم,ذكر,10,القاهرة، مدينة نصر,01166712902,2023-09-16,مدرسة المحيط,0,لا يوجد,ناجح,1
337,فاطمة عبدالرحمن,أنثى,11,الجيزة، الدقي,01053503144,2023-09-02,مدرسة المستقبل,0,ربو,ناجح,1
338,دينا سعيد,أنثى,12,الجيزة، الهرم,01149708869,2023-09-08,مدرسة الشروق,0,لا يوجد,راسب,1
339,سارة حلمي,أنثى,11,الجيزة، الهرم,01004794427,2023-09-21,مدرسة جرين,2,لا يوجد,راسب,1
340,آية عبدالله,أنثى,12,القاهرة، مدينة نصر,01103790614,2023-09-01,مدرسة جرين,1,حساسية,ناجح,1
341,آية عبدالرحمن,أنثى,12,الإسكندرية، سموحة,01049018784,2023-09-26,مدرسة اللوتس,1,حساسية,راسب,1
342,حسن عبدالرحمن,ذكر,12,القاهرة، المعادي,01267537394,2023-09-06,مدرسة النجوم,0,ربو,ناجح,1
343,دينا عبدالعزيز,أنثى,10,القاهرة، 6 أكتوبر,01170985660,2023-09-13,مدرسة جرين,1,ضغط,راسب,1
344,دينا سعيد,أنثى,12,الإسكندرية، العجمي,01509820810,2023-09-23,مدرسة جرين,2,سكر,راسب,1
345,رنا فؤاد,أنثى,11,الجيزة، الهرم,01059817545,2023-09-06,مدرسة جرين,0,سكر,ناجح,1
346,عمر عبدالله,ذكر,12,الإسكندرية، سموحة,01153618606,2023-09-23,مدرسة جرين,0,لا يوجد,ناجح,1
347,رنا عبدالرحمن,أنثى,12,الإسكندرية، سموحة,01100908037,2023-09-14,مدرسة الشروق,0,ربو,ناجح,1
348,حسن كامل,ذكر,12,القاهرة، مصر الجديدة,01592578504,2023-09-26,مدرسة المحيط,0,لا يوجد,ناجح,1
349,نور عبدالرحمن,أنثى,12,القاهرة، مصر الجديدة,01087952173,2023-09-04,مدرسة المستقبل,0,حساسية,راسب,1
350,نور كامل,أنثى,12,الجيزة، الهرم,01231859806,2023-09-11,مدرسة المحيط,0,لا يوجد,ناجح,1
351,سعيد حلمي,ذكر,11,القاهرة، المعادي,01598426882,2023-09-01,مدرسة اللوتس,0,حساسية,راسب,1
352,آية سالم,أنثى,11,الإسكندرية، العجمي,01221443206,2023-09-18,مدرسة جرين,1,سكر,ناجح,1
353,سارة فؤاد,أنثى,10,الإسكندرية، العجمي,01102898017,2023-09-26,مدرسة اللوتس,0,ضغط,راسب,1
354,نور كامل,أنثى,12,الجيزة، الدقي,01049505002,2023-09-26,مدرسة النيل,0,سكر,راسب,1
355,رنا حسن,أنثى,11,القاهرة، المعادي,01003608345,2023-09-02,مدرسة المحيط,1,سكر,ناجح,1
356,ندى عبدالله,أنثى,10,القاهرة، مدينة نصر,01530323075,2023-09-07,مدرسة النيل,0,لا يوجد,ناجح,1
357,هبة سالم,أنثى,11,الإسكندرية، العجمي,01565434705,2023-09-22,مدرسة المستقبل,0,لا يوجد,راسب,1
358,محمود إبراهيم,ذكر,11,الإسكندرية، سموحة,01573598008,2023-09-10,مدرسة اللوتس,1,ضغط,ناجح,1
359,محمود حلمي,ذكر,12,القاهرة، المعادي,01062366884,2023-09-10,مدرسة المحيط,0,ضغط,ناجح,1
360,آية حلمي,أنثى,11,الإسكندرية، سموحة,01005811848,2023-09-30,مدرسة النخيل,0,حساسية,راسب,1
361,بسمة عبدالرحمن,أنثى,10,الإسكندرية، العجمي,01225607252,2023-09-09,مدرسة الشروق,0,ضغط,راسب,1
362,خالد كامل,ذكر,12,الإسكندرية، سموحة,01024390675,2023-09-25,مدرسة المحيط,0,سكر,ناجح,1
363,عمر إبراهيم,ذكر,11,القاهرة، المعادي,01205370427,2023-09-19,مدرسة النجوم,0,لا يوجد,ناجح,1
364,محمد عبدالعزيز,ذكر,10,الجيزة، الدقي,01163562885,2023-09-08,مدرسة النخيل,0,سكر,راسب,1
365,محمود حسن,ذكر,11,القاهرة، 6 أكتوبر,01569967813,2023-09-10,مدرسة النخيل,0,سكر,ناجح,1
366,نور عبدالله,أنثى,10,القاهرة، 6 أكتوبر,01165762852,2023-09-03,مدرسة جرين,0,ضغط,ناجح,1
367,بسمة حسن,أنثى,11,القاهرة، مصر الجديدة,01519877693,2023-09-25,مدرسة اللوتس,0,ربو,ناجح,1
368,أحمد عبدالرحمن,ذكر,11,الجيزة، الدقي,01558425000,2023-09-10,مدرسة المستقبل,0,ربو,ناجح,1
369,عمر عبدالله,ذكر,10,القاهرة، 6 أكتوبر,01071240649,2023-09-13,مدرسة المستقبل,0,سكر,ناجح,1
370,فاطمة عبدالله,أنثى,12,القاهرة، المعادي,01049673205,2023-09-26,مدرسة النخيل,0,لا يوجد,راسب,1
371,سعيد عبدالعزيز,ذكر,12,الجيزة، الهرم,01074044870,2023-09-21,مدرسة المحيط,2,حساسية,ناجح,1
372,حسن حسن,ذكر,11,القاهرة، المعادي,01055531795,2023-09-15,مدرسة النجوم,1,سكر,راسب,1
373,سارة سالم,أنثى,10,القاهرة، المعادي,01566128743,2023-09-05,مدرسة المستقبل,2,ربو,ناجح,1
374,حسن سعيد,ذكر,12,القاهرة، مدينة نصر,01066983924,2023-09-13,مدرسة اللوتس,0,سكر,راسب,1
375,محمود عبدالرحمن,ذكر,12,الإسكندرية، العجمي,01150134861,2023-09-10,مدرسة المستقبل,0,سكر,ناجح,1
376,يوسف عبدالله,ذكر,12,القاهرة، مصر الجديدة,01068527239,2023-09-20,مدرسة اللوتس,0,لا يوجد,ناجح,1
377,نور حلمي,أنثى,12,الجيزة، الدقي,01215513406,2023-09-11,مدرسة اللوتس,0,ربو,ناجح,1
378,حسن إبراهيم,ذكر,12,الإسكندرية، سموحة,01218520659,2023-09-21,مدرسة اللوتس,0,حساسية,راسب,1
379,مصطفى حسن,ذكر,11,الإسكندرية، العجمي,01595516035,2023-09-05,مدرسة النجوم,0,سكر,راسب,1
380,بسمة سعيد,أنثى,10,القاهرة، مصر الجديدة,01173321945,2023-09-20,مدرسة الشروق,0,ضغط,ناجح,1
381,هبة عبدالرحمن,أنثى,12,الجيزة، الهرم,01115927923,2023-09-13,مدرسة النجوم,0,سكر,راسب,1
382,علي عبدالرحمن,ذكر,11,القاهرة، مدينة نصر,01514925823,2023-09-28,مدرسة النيل,1,حساسية,ناجح,1
383,مصطفى عبدالله,ذكر,12,القاهرة، المعادي,01104630105,2023-09-15,مدرسة الشروق,0,لا يوجد,راسب,1
384,فاطمة فؤاد,أنثى,12,القاهرة، 6 أكتوبر,01126147814,2023-09-05,مدرسة النجوم,1,لا يوجد,راسب,1
385,نور حسن,أنثى,12,القاهرة، مصر الجديدة,01599773007,2023-09-01,مدرسة جرين,0,ربو,راسب,1
386,خالد إبراهيم,ذكر,12,الإسكندرية، العجمي,01541626015,2023-09-15,مدرسة النجوم,2,لا يوجد,ناجح,1
387,مصطفى سعيد,ذكر,12,القاهرة، مدينة نصر,01540329474,2023-09-28,مدرسة جرين,0,لا يوجد,ناجح,1
388,علي حسن,ذكر,10,القاهرة، المعادي,01118015579,2023-09-07,مدرسة النخيل,0,ضغط,راسب,1
389,نور عبدالعزيز,أنثى,12,القاهرة، مدينة نصر,01101562961,2023-09-26,مدرسة النيل,2,لا يوجد,ناجح,1
390,بسمة إبراهيم,أنثى,10,الجيزة، الهرم,01110474816,2023-09-20,مدرسة المستقبل,2,لا يوجد,راسب,1
391,محمود حلمي,ذكر,11,الإسكندرية، العجمي,01119331328,2023-09-04,مدرسة النجوم,0,ربو,ناجح,1
392,مريم عبدالرحمن,أنثى,11,الإسكندرية، العجمي,01517576324,2023-09-05,مدرسة المحيط,2,لا يوجد,ناجح,1
393,محمود سعيد,ذكر,12,الجيزة، الهرم,01174186713,2023-09-28,مدرسة المستقبل,0,سكر,راسب,1
394,محمد عبدالعزيز,ذكر,10,القاهرة، 6 أكتوبر,01260108948,2023-09-04,مدرسة النيل,0,ضغط,ناجح,1
395,خالد عبدالعزيز,ذكر,12,القاهرة، مصر الجديدة,01250940123,2023-09-12,مدرسة المستقبل,1,لا يوجد,راسب,1
396,يوسف إبراهيم,ذكر,11,القاهرة، مصر الجديدة,01031148484,2023-09-30,مدرسة النيل,0,ربو,ناجح,1
397,سعيد سعيد,ذكر,12,الإسكندرية، سموحة,01112204179,2023-09-02,مدرسة النيل,1,سكر,راسب,1
398,هبة فؤاد,أنثى,10,القاهرة، مصر الجديدة,01093124642,2023-09-13,مدرسة النخيل,0,حساسية,ناجح,1
399,بسمة إبراهيم,أنثى,12,القاهرة، 6 أكتوبر,01068380707,2023-09-10,مدرسة النيل,0,ضغط,راسب,1
400,فاطمة سعيد,أنثى,12,القاهرة، مدينة نصر,01038479845,2023-09-03,مدرسة المحيط,0,لا يوجد,راسب,1
401,سارة سالم,أنثى,11,الإسكندرية، العجمي,01234036828,2023-09-20,مدرسة اللوتس,2,حساسية,راسب,1
402,مريم حلمي,أنثى,11,الجيزة، الدقي,01091428834,2023-09-04,مدرسة جرين,0,ربو,راسب,1
403,سعيد عبدالله,ذكر,10,القاهرة، 6 أكتوبر,01011280889,2023-09-14,مدرسة النجوم,0,ضغط,ناجح,1
404,سعيد عبدالعزيز,ذكر,10,الجيزة، الهرم,01134329452,2023-09-10,مدرسة المستقبل,0,ضغط,راسب,1
405,مريم سعيد,أنثى,11,القاهرة، مدينة نصر,01535253019,2023-09-21,مدرسة المستقبل,2,لا يوجد,ناجح,1
406,هبة عبدالرحمن,أنثى,12,القاهرة، مدينة نصر,01057483025,2023-09-26,مدرسة اللوتس,0,ضغط,راسب,1
407,رنا عبدالرحمن,أنثى,12,الإسكندرية، سموحة,01508923499,2023-09-28,مدرسة النخيل,0,لا يوجد,راسب,1
408,نور حلمي,أنثى,10,القاهرة، مدينة نصر,01514216205,2023-09-16,مدرسة النجوم,2,سكر,ناجح,1
409,سارة عبدالعزيز,أنثى,12,القاهرة، 6 أكتوبر,01152668895,2023-09-15,مدرسة النخيل,2,ضغط,راسب,1
410,محمد عبدالعزيز,ذكر,11,الإسكندرية، سموحة,01506612398,2023-09-02,مدرسة النخيل,0,ربو,ناجح,1
411,مصطفى عبدالعزيز,ذكر,12,القاهرة، مصر الجديدة,01208899786,2023-09-06,مدرسة اللوتس,0,سكر,راسب,1
412,يوسف عبدالعزيز,ذكر,12,الإسكندرية، العجمي,01232154394,2023-09-01,مدرسة المحيط,0,سكر,راسب,1
413,آية حلمي,أنثى,12,القاهرة، مصر الجديدة,01027767158,2023-09-05,مدرسة النخيل,0,سكر,ناجح,1
414,محمود حلمي,ذكر,10,القاهرة، مدينة نصر,01512877204,2023-09-05,مدرسة المحيط,0,ربو,ناجح,1
415,مريم فؤاد,أنثى,11,القاهرة، 6 أكتوبر,01545868604,2023-09-06,مدرسة النخيل,1,لا يوجد,راسب,1
416,بسمة عبدالله,أنثى,11,الإسكندرية، سموحة,01574353915,2023-09-19,مدرسة المحيط,2,حساسية,ناجح,1
417,خالد عبدالرحمن,ذكر,12,الجيزة، الهرم,01253659639,2023-09-07,مدرسة المستقبل,2,سكر,راسب,1
418,دينا عبدالله,أنثى,12,الجيزة، الدقي,01087731731,2023-09-27,مدرسة اللوتس,0,ربو,ناجح,1
419,عمر عبدالعزيز,ذكر,10,الإسكندرية، سموحة,01568998446,2023-09-10,مدرسة النيل,0,لا يوجد,ناجح,1
420,سعيد إبراهيم,ذكر,12,الجيزة، الدقي,01248295597,2023-09-30,مدرسة المستقبل,0,لا يوجد,راسب,1
421,دينا فؤاد,أنثى,11,الإسكندرية، سموحة,01564615641,2023-09-21,مدرسة النيل,0,لا يوجد,ناجح,1
422,خالد عبدالعزيز,ذكر,11,الجيزة، الدقي,01134766192,2023-09-22,مدرسة النخيل,0,سكر,راسب,1
423,محمود سعيد,ذكر,12,الجيزة، الدقي,01560141372,2023-09-24,مدرسة النخيل,0,ربو,ناجح,1
424,سعيد سعيد,ذكر,10,الإسكندرية، سموحة,01089223754,2023-09-17,مدرسة اللوتس,0,سكر,ناجح,1
425,يوسف عبدالله,ذكر,10,القاهرة، المعادي,01271969870,2023-09-10,مدرسة جرين,0,ضغط,ناجح,1
426,سارة حلمي,أنثى,12,القاهرة، المعادي,01150166665,2023-09-20,مدرسة النجوم,0,لا يوجد,راسب,1
427,رنا حسن,أنثى,11,القاهرة، 6 أكتوبر,01256079917,2023-09-14,مدرسة جرين,2,حساسية,راسب,1
428,مريم سالم,أنثى,10,القاهرة، المعادي,01060916666,2023-09-10,مدرسة النجوم,2,سكر,ناجح,1
429,حسن سعيد,ذكر,11,القاهرة، مصر الجديدة,01210779488,2023-09-27,مدرسة المستقبل,0,ضغط,راسب,1
430,هبة فؤاد,أنثى,10,القاهرة، المعادي,01212256422,2023-09-25,مدرسة اللوتس,0,ربو,راسب,1
431,آية سالم,أنثى,12,القاهرة، مصر الجديدة,01036084465,2023-09-16,مدرسة المحيط,0,حساسية,راسب,1
432,آية عبدالرحمن,أنثى,12,الجيزة، الدقي,01573936384,2023-09-03,مدرسة الشروق,0,لا يوجد,ناجح,1
433,سارة عبدالرحمن,أنثى,11,الإسكندرية، سموحة,01075838071,2023-09-21,مدرسة النخيل,1,سكر,ناجح,1
434,مريم عبدالله,أنثى,10,القاهرة، مصر الجديدة,01573753678,2023-09-01,مدرسة النجوم,1,لا يوجد,ناجح,1
435,علي حلمي,ذكر,12,القاهرة، المعادي,01286783032,2023-09-08,مدرسة النجوم,2,ربو,ناجح,1
436,ندى فؤاد,أنثى,10,الجيزة، الدقي,01245304158,2023-09-04,مدرسة جرين,0,سكر,راسب,1
437,علي سعيد,ذكر,11,الجيزة، الهرم,01222245938,2023-09-09,مدرسة المحيط,0,ربو,ناجح,1
438,سارة عبدالله,أنثى,11,الإسكندرية، سموحة,01124139180,2023-09-05,مدرسة المحيط,0,حساسية,راسب,1
439,مريم حسن,أنثى,12,القاهرة، 6 أكتوبر,01163250950,2023-09-13,مدرسة المحيط,0,سكر,ناجح,1
440,آية سعيد,أنثى,10,الإسكندرية، العجمي,01542475478,2023-09-03,مدرسة النيل,2,سكر,ناجح,1
441,محمود حلمي,ذكر,12,القاهرة، مدينة نصر,01562521385,2023-09-09,مدرسة اللوتس,0,ضغط,ناجح,1
442,سعيد فؤاد,ذكر,12,الجيزة، الدقي,01181303973,2023-09-04,مدرسة النجوم,2,حساسية,راسب,1
443,سعيد سالم,ذكر,11,الإسكندرية، العجمي,01151176119,2023-09-16,مدرسة النيل,1,ربو,راسب,1
444,علي حلمي,ذكر,12,الإسكندرية، سموحة,01217143316,2023-09-10,مدرسة النجوم,0,حساسية,ناجح,1
445,سارة عبدالعزيز,أنثى,11,القاهرة، المعادي,01284300477,2023-09-29,مدرسة جرين,2,لا يوجد,راسب,1
446,رنا حسن,أنثى,10,الجيزة، الهرم,01296626068,2023-09-20,مدرسة اللوتس,0,سكر,ناجح,1
447,هبة كامل,أنثى,11,الإسكندرية، سموحة,01587979306,2023-09-03,مدرسة النيل,0,حساسية,ناجح,1
448,بسمة عبدالعزيز,أنثى,10,الجيزة، الدقي,01111666842,2023-09-04,مدرسة اللوتس,0,ضغط,ناجح,1
449,عمر كامل,ذكر,10,الإسكندرية، سموحة,01290385799,2023-09-16,مدرسة المحيط,0,سكر,ناجح,1
450,فاطمة حسن,أنثى,11,القاهرة، 6 أكتوبر,01227529441,2023-09-01,مدرسة النجوم,0,ربو,ناجح,1
451,سارة عبدالعزيز,أنثى,12,القاهرة، مدينة نصر,01097279610,2023-09-03,مدرسة النجوم,0,ضغط,راسب,1
452,محمود عبدالرحمن,ذكر,12,القاهرة، 6 أكتوبر,01143744027,2023-09-09,مدرسة المستقبل,2,سكر,ناجح,1
453,هبة عبدالله,أنثى,10,القاهرة، مدينة نصر,01597583430,2023-09-09,مدرسة النجوم,0,لا يوجد,راسب,1
454,يوسف عبدالله,ذكر,11,الإسكندرية، سموحة,01546694661,2023-09-21,مدرسة اللوتس,0,ضغط,ناجح,1
455,ندى كامل,أنثى,10,القاهرة، المعادي,01248065178,2023-09-25,مدرسة المستقبل,2,ضغط,راسب,1
456,مريم عبدالعزيز,أنثى,12,القاهرة، المعادي,01523494096,2023-09-25,مدرسة الشروق,0,ضغط,ناجح,1
457,سارة سعيد,أنثى,11,الإسكندرية، العجمي,01521537598,2023-09-20,مدرسة الشروق,0,ضغط,ناجح,1
458,مصطفى سالم,ذكر,11,القاهرة، المعادي,01267120321,2023-09-07,مدرسة الشروق,1,لا يوجد,ناجح,1
459,دينا عبدالله,أنثى,12,القاهرة، 6 أكتوبر,01274078431,2023-09-17,مدرسة اللوتس,2,ضغط,راسب,1
460,فاطمة فؤاد,أنثى,11,القاهرة، 6 أكتوبر,01021016142,2023-09-07,مدرسة المحيط,2,لا يوجد,ناجح,1
461,محمود عبدالرحمن,ذكر,11,الإسكندرية، العجمي,01059453226,2023-09-27,مدرسة النيل,0,ربو,ناجح,1
462,مصطفى كامل,ذكر,11,الجيزة، الدقي,01045868311,2023-09-04,مدرسة النجوم,2,سكر,راسب,1
463,فاطمة حسن,أنثى,10,القاهرة، مدينة نصر,01511738454,2023-09-03,مدرسة الشروق,0,حساسية,ناجح,1
464,هبة حلمي,أنثى,10,القاهرة، مصر الجديدة,01512659573,2023-09-09,مدرسة اللوتس,0,ضغط,ناجح,1
465,حسن حلمي,ذكر,10,القاهرة، 6 أكتوبر,01282134531,2023-09-14,مدرسة المستقبل,0,ضغط,ناجح,1
466,خالد سالم,ذكر,10,الإسكندرية، العجمي,01088630266,2023-09-14,مدرسة النخيل,1,سكر,ناجح,1
467,ندى إبراهيم,أنثى,10,الإسكندرية، سموحة,01105067646,2023-09-19,مدرسة النجوم,0,سكر,ناجح,1
468,بسمة عبدالله,أنثى,10,القاهرة، المعادي,01206283711,2023-09-19,مدرسة النخيل,1,ربو,راسب,1
469,علي عبدالرحمن,ذكر,11,القاهرة، مصر الجديدة,01019787846,2023-09-08,مدرسة الشروق,2,سكر,راسب,1
470,دينا سالم,أنثى,10,الجيزة، الهرم,01060502380,2023-09-20,مدرسة المحيط,0,ضغط,ناجح,1
471,هبة فؤاد,أنثى,10,الجيزة، الدقي,01099235322,2023-09-04,مدرسة اللوتس,0,ضغط,راسب,1
472,ندى سالم,أنثى,11,الجيزة، الهرم,01111663929,2023-09-14,مدرسة الشروق,0,ضغط,ناجح,1
473,عمر عبدالعزيز,ذكر,11,الجيزة، الدقي,01233900915,2023-09-04,مدرسة جرين,1,حساسية,راسب,1
474,هبة فؤاد,أنثى,12,القاهرة، 6 أكتوبر,01205676100,2023-09-06,مدرسة اللوتس,0,لا يوجد,ناجح,1
475,محمد كامل,ذكر,12,الجيزة، الدقي,01283681907,2023-09-02,مدرسة النيل,0,سكر,ناجح,1
476,علي فؤاد,ذكر,11,الإسكندرية، سموحة,01522833518,2023-09-13,مدرسة جرين,0,ضغط,ناجح,1
477,آية عبدالرحمن,أنثى,12,القاهرة، مصر الجديدة,01207376906,2023-09-15,مدرسة المستقبل,1,ضغط,ناجح,1
478,مصطفى إبراهيم,ذكر,12,القاهرة، 6 أكتوبر,01514101048,2023-09-20,مدرسة المستقبل,0,ضغط,راسب,1
479,محمود سالم,ذكر,12,القاهرة، مصر الجديدة,01184280500,2023-09-10,مدرسة المحيط,0,لا يوجد,ناجح,1
480,سعيد عبدالعزيز,ذكر,12,الجيزة، الهرم,01575695562,2023-09-28,مدرسة النخيل,1,ربو,ناجح,1
481,سارة عبدالرحمن,أنثى,10,الإسكندرية، سموحة,01516907788,2023-09-08,مدرسة النخيل,0,لا يوجد,ناجح,1
482,دينا عبدالرحمن,أنثى,10,الجيزة، الدقي,01209215844,2023-09-28,مدرسة اللوتس,0,ضغط,ناجح,1
483,ندى عبدالله,أنثى,10,الإسكندرية، سموحة,01047740453,2023-09-08,مدرسة النجوم,1,لا يوجد,راسب,1
484,ندى عبدالعزيز,أنثى,10,القاهرة، مدينة نصر,01012427187,2023-09-02,مدرسة النخيل,2,ربو,راسب,1
485,بسمة عبدالرحمن,أنثى,12,الجيزة، الهرم,01595062091,2023-09-11,مدرسة اللوتس,0,ضغط,ناجح,1
486,آية سالم,أنثى,11,القاهرة، مدينة نصر,01154800766,2023-09-24,مدرسة المحيط,0,ربو,راسب,1
487,آية حلمي,أنثى,11,الإسكندرية، العجمي,01069860511,2023-09-22,مدرسة النجوم,0,حساسية,ناجح,1
488,رنا سالم,أنثى,11,الجيزة، الدقي,01093340604,2023-09-01,مدرسة المحيط,0,لا يوجد,راسب,1
489,أحمد سعيد,ذكر,11,القاهرة، المعادي,01273169283,2023-09-11,مدرسة النجوم,1,حساسية,ناجح,1
490,ندى كامل,أنثى,10,القاهرة، 6 أكتوبر,01233196863,2023-09-02,مدرسة المستقبل,0,لا يوجد,راسب,1
491,سارة فؤاد,أنثى,11,الإسكندرية، سموحة,01087728178,2023-09-28,مدرسة المستقبل,0,ربو,ناجح,1
492,علي سالم,ذكر,12,القاهرة، مدينة نصر,01058680830,2023-09-01,مدرسة المستقبل,1,ضغط,ناجح,1
493,رنا عبدالله,أنثى,12,الجيزة، الهرم,01060009115,2023-09-05,مدرسة جرين,0,ربو,ناجح,1
494,يوسف حسن,ذكر,11,القاهرة، مصر الجديدة,01512186206,2023-09-21,مدرسة جرين,0,ضغط,راسب,1
495,يوسف حسن,ذكر,11,الإسكندرية، سموحة,01577540815,2023-09-20,مدرسة المستقبل,0,لا يوجد,ناجح,1
496,بسمة حسن,أنثى,10,القاهرة، 6 أكتوبر,01211770501,2023-09-04,مدرسة المحيط,2,ربو,راسب,1
497,فاطمة عبدالله,أنثى,12,الجيزة، الهرم,01575219174,2023-09-08,مدرسة النجوم,0,حساسية,راسب,1
498,محمود سعيد,ذكر,10,القاهرة، مدينة نصر,01563472139,2023-09-16,مدرسة الشروق,1,لا يوجد,ناجح,1
499,دينا كامل,أنثى,11,الإسكندرية، سموحة,01007263169,2023-09-17,مدرسة النيل,2,لا يوجد,ناجح,1
500,فاطمة إبراهيم,أنثى,12,القاهرة، المعادي,01159391459,2023-09-18,مدرسة المستقبل,0,ضغط,ناجح,1
501,حسن عبدالله,ذكر,12,الجيزة، الدقي,01158439381,2023-09-17,مدرسة جرين,1,حساسية,ناجح,1
502,يوسف عبدالله,ذكر,11,الجيزة، الدقي,01207384563,2023-09-04,مدرسة النجوم,0,ضغط,ناجح,1
503,مريم فؤاد,أنثى,11,القاهرة، 6 أكتوبر,01563093636,2023-09-03,مدرسة النجوم,0,ربو,ناجح,1
504,سعيد حسن,ذكر,10,القاهرة، المعادي,01109433908,2023-09-15,مدرسة النخيل,2,ضغط,راسب,1
505,محمد عبدالله,ذكر,11,الجيزة، الدقي,01237972483,2023-09-18,مدرسة النجوم,0,ربو,راسب,1
506,محمود إبراهيم,ذكر,10,الجيزة، الهرم,01063473976,2023-09-13,مدرسة النخيل,2,سكر,راسب,1
507,عمر عبدالرحمن,ذكر,10,القاهرة، مدينة نصر,01055536366,2023-09-12,مدرسة النيل,0,ربو,ناجح,1
508,نور عبدالله,أنثى,10,القاهرة، مدينة نصر,01097237390,2023-09-17,مدرسة النخيل,0,حساسية,راسب,1
509,محمود سالم,ذكر,11,القاهرة، المعادي,01215649195,2023-09-07,مدرسة المستقبل,0,سكر,راسب,1
510,فاطمة سالم,أنثى,11,الإسكندرية، سموحة,01596741917,2023-09-02,مدرسة النجوم,0,لا يوجد,راسب,1
511,بسمة كامل,أنثى,11,الإسكندرية، سموحة,01167912506,2023-09-27,مدرسة النيل,2,حساسية,راسب,1
512,بسمة إبراهيم,أنثى,12,القاهرة، المعادي,01562579327,2023-09-28,مدرسة المحيط,2,سكر,ناجح,1
513,ندى كامل,أنثى,10,الإسكندرية، العجمي,01156882719,2023-09-11,مدرسة اللوتس,0,ربو,راسب,1
514,آية سعيد,أنثى,11,الإسكندرية، سموحة,01546239103,2023-09-07,مدرسة جرين,0,ربو,ناجح,1
515,نور سعيد,أنثى,10,الجيزة، الدقي,01565042884,2023-09-21,مدرسة المحيط,0,ضغط,ناجح,1
516,حسن عبدالعزيز,ذكر,10,القاهرة، مصر الجديدة,01092005344,2023-09-17,مدرسة المستقبل,1,ربو,راسب,1
517,هبة عبدالعزيز,أنثى,11,القاهرة، المعادي,01083642426,2023-09-10,مدرسة المستقبل,0,ضغط,ناجح,1
518,نور عبدالله,أنثى,12,القاهرة، 6 أكتوبر,01537847348,2023-09-18,مدرسة المستقبل,0,ضغط,ناجح,1
519,بسمة حسن,أنثى,10,الجيزة، الهرم,01558533846,2023-09-05,مدرسة جرين,0,حساسية,راسب,1
520,مصطفى سالم,ذكر,11,القاهرة، المعادي,01028750011,2023-09-10,مدرسة النخيل,0,حساسية,راسب,1
521,بسمة حلمي,أنثى,10,الإسكندرية، سموحة,01134897898,2023-09-08,مدرسة الشروق,0,لا يوجد,ناجح,1
522,مريم سعيد,أنثى,10,القاهرة، 6 أكتوبر,01045854126,2023-09-26,مدرسة النجوم,0,ضغط,ناجح,1
523,رنا إبراهيم,أنثى,10,الإسكندرية، العجمي,01055105454,2023-09-13,مدرسة اللوتس,0,ربو,راسب,1
524,عمر عبدالرحمن,ذكر,11,الجيزة، الهرم,01111526308,2023-09-22,مدرسة جرين,0,ربو,ناجح,1
525,ندى حلمي,أنثى,11,الإسكندرية، العجمي,01527667283,2023-09-15,مدرسة جرين,0,لا يوجد,راسب,1
526,نور فؤاد,أنثى,10,القاهرة، مصر الجديدة,01236121665,2023-09-18,مدرسة المحيط,1,لا يوجد,ناجح,1
527,ندى عبدالرحمن,أنثى,10,القاهرة، مدينة نصر,01527938420,2023-09-16,مدرسة النخيل,0,لا يوجد,ناجح,1
528,محمد عبدالعزيز,ذكر,10,الإسكندرية، العجمي,01116432817,2023-09-14,مدرسة النيل,2,لا يوجد,راسب,1
529,يوسف عبدالعزيز,ذكر,11,القاهرة، مصر الجديدة,01196969866,2023-09-27,مدرسة المحيط,1,لا يوجد,ناجح,1
530,دينا سعيد,أنثى,11,الجيزة، الدقي,01182329653,2023-09-24,مدرسة الشروق,2,لا يوجد,ناجح,1
531,محمد سالم,ذكر,11,الجيزة، الدقي,01197415917,2023-09-05,مدرسة النخيل,0,حساسية,ناجح,1
532,دينا كامل,أنثى,12,الجيزة، الدقي,01103581997,2023-09-07,مدرسة النيل,1,ضغط,ناجح,1
533,فاطمة عبدالعزيز,أنثى,12,القاهرة، 6 أكتوبر,01140558428,2023-09-11,مدرسة النخيل,1,ربو,راسب,1
534,رنا كامل,أنثى,10,القاهرة، 6 أكتوبر,01277979916,2023-09-03,مدرسة المحيط,1,ضغط,ناجح,1
535,مصطفى حلمي,ذكر,12,القاهرة، 6 أكتوبر,01065551312,2023-09-05,مدرسة المستقبل,0,سكر,ناجح,1
536,سارة عبدالله,أنثى,12,الإسكندرية، العجمي,01267817142,2023-09-28,مدرسة النيل,2,ربو,راسب,1
537,محمود سعيد,ذكر,10,القاهرة، مصر الجديدة,01548781243,2023-09-17,مدرسة جرين,0,حساسية,ناجح,1
538,فاطمة كامل,أنثى,10,الجيزة، الهرم,01035374962,2023-09-24,مدرسة الشروق,0,لا يوجد,راسب,1
539,محمد عبدالله,ذكر,12,الجيزة، الدقي,01186229256,2023-09-23,مدرسة الشروق,0,ربو,راسب,1
540,هبة إبراهيم,أنثى,10,الجيزة، الدقي,01024120765,2023-09-15,مدرسة النيل,1,ربو,راسب,1
541,حسن حسن,ذكر,10,الجيزة، الدقي,01010564802,2023-09-12,مدرسة الشروق,0,حساسية,ناجح,1
542,سعيد عبدالرحمن,ذكر,12,الإسكندرية، العجمي,01211698013,2023-09-19,مدرسة النخيل,2,سكر,راسب,1
543,مصطفى إبراهيم,ذكر,12,الإسكندرية، سموحة,01203647416,2023-09-13,مدرسة المستقبل,0,حساسية,راسب,1
544,أحمد فؤاد,ذكر,11,الإسكندرية، العجمي,01517372269,2023-09-15,مدرسة النخيل,0,ضغط,راسب,1
545,هبة عبدالعزيز,أنثى,10,الجيزة، الدقي,01180639098,2023-09-04,مدرسة المستقبل,2,لا يوجد,راسب,1
546,أحمد حسن,ذكر,11,القاهرة، مدينة نصر,01046744404,2023-09-26,مدرسة النخيل,0,ربو,راسب,1
547,هبة عبدالله,أنثى,11,الإسكندرية، سموحة,01115175464,2023-09-07,مدرسة اللوتس,0,ربو,راسب,1
548,سعيد سالم,ذكر,12,الإسكندرية، العجمي,01169342588,2023-09-27,مدرسة اللوتس,2,ربو,ناجح,1
549,محمد فؤاد,ذكر,11,القاهرة، مدينة نصر,01501892350,2023-09-25,مدرسة المحيط,2,ضغط,ناجح,1
550,مصطفى عبدالله,ذكر,11,القاهرة، مدينة نصر,01075111848,2023-09-30,مدرسة المحيط,1,حساسية,راسب,1
551,سعيد كامل,ذكر,12,الجيزة، الدقي,01517669433,2023-09-30,مدرسة النخيل,0,ضغط,راسب,1
552,عمر فؤاد,ذكر,12,القاهرة، مصر الجديدة,01090140106,2023-09-16,مدرسة النيل,0,ربو,راسب,1
553,علي حسن,ذكر,10,الإسكندرية، سموحة,01037511624,2023-09-04,مدرسة النيل,0,حساسية,ناجح,1
554,محمد إبراهيم,ذكر,11,الإسكندرية، العجمي,01224664669,2023-09-24,مدرسة النيل,0,ضغط,راسب,1
555,بسمة حلمي,أنثى,11,الإسكندرية، العجمي,01054292077,2023-09-17,مدرسة المحيط,1,ربو,ناجح,1
556,هبة عبدالرحمن,أنثى,10,الإسكندرية، العجمي,01226228386,2023-09-12,مدرسة النخيل,0,سكر,راسب,1
557,عمر حسن,ذكر,11,القاهرة، مصر الجديدة,01204642810,2023-09-01,مدرسة جرين,0,سكر,ناجح,1
558,يوسف كامل,ذكر,12,الإسكندرية، سموحة,01081598979,2023-09-15,مدرسة النيل,0,لا يوجد,راسب,1
559,علي عبدالله,ذكر,12,القاهرة، 6 أكتوبر,01193544370,2023-09-20,مدرسة النيل,2,لا يوجد,ناجح,1
560,مصطفى عبدالرحمن,ذكر,10,الجيزة، الهرم,01050822197,2023-09-13,مدرسة المستقبل,1,حساسية,ناجح,1
561,آية عبدالله,أنثى,11,القاهرة، 6 أكتوبر,01574338971,2023-09-13,مدرسة النيل,1,سكر,ناجح,1
562,عمر حلمي,ذكر,11,الإسكندرية، العجمي,01255443317,2023-09-21,مدرسة النيل,0,سكر,راسب,1
563,عمر حسن,ذكر,10,الإسكندرية، سموحة,01583240709,2023-09-07,مدرسة النخيل,1,سكر,راسب,1
564,حسن فؤاد,ذكر,10,القاهرة، المعادي,01203510104,2023-09-04,مدرسة المستقبل,0,ربو,راسب,1
565,نور فؤاد,أنثى,11,الإسكندرية، سموحة,01013029690,2023-09-20,مدرسة الشروق,2,لا يوجد,راسب,1
566,يوسف كامل,ذكر,10,القاهرة، 6 أكتوبر,01146596031,2023-09-02,مدرسة المحيط,0,لا يوجد,راسب,1
567,نور عبدالعزيز,أنثى,11,الجيزة، الدقي,01141956620,2023-09-06,مدرسة اللوتس,0,حساسية,ناجح,1
568,سارة فؤاد,أنثى,12,القاهرة، 6 أكتوبر,01035353453,2023-09-12,مدرسة المستقبل,0,حساسية,راسب,1
569,سعيد إبراهيم,ذكر,12,القاهرة، مصر الجديدة,01284283818,2023-09-25,مدرسة اللوتس,0,سكر,ناجح,1
570,يوسف سعيد,ذكر,10,القاهرة، 6 أكتوبر,01062388463,2023-09-13,مدرسة الشروق,1,لا يوجد,ناجح,1
571,علي عبدالرحمن,ذكر,11,الجيزة، الدقي,01016649710,2023-09-09,مدرسة الشروق,1,حساسية,ناجح,1
572,هبة عبدالله,أنثى,12,القاهرة، مصر الجديدة,01125658920,2023-09-04,مدرسة المستقبل,0,ضغط,راسب,1
573,رنا فؤاد,أنثى,11,القاهرة، مصر الجديدة,01121258022,2023-09-01,مدرسة اللوتس,0,لا يوجد,راسب,1
574,حسن سالم,ذكر,12,الجيزة، الدقي,01102618469,2023-09-07,مدرسة المحيط,0,حساسية,راسب,1
575,بسمة فؤاد,أنثى,12,الجيزة، الهرم,01584363241,2023-09-22,مدرسة النيل,1,لا يوجد,راسب,1
576,هبة فؤاد,أنثى,10,الجيزة، الدقي,01558456081,2023-09-26,مدرسة المستقبل,0,سكر,ناجح,1
577,نور سالم,أنثى,10,القاهرة، 6 أكتوبر,01001256215,2023-09-01,مدرسة المحيط,2,حساسية,ناجح,1
578,علي فؤاد,ذكر,12,الجيزة، الدقي,01588713283,2023-09-17,مدرسة اللوتس,2,حساسية,ناجح,1
579,عمر فؤاد,ذكر,12,الإسكندرية، العجمي,01007313274,2023-09-30,مدرسة النيل,0,لا يوجد,راسب,1
580,نور سعيد,أنثى,10,الجيزة، الهرم,01237974674,2023-09-06,مدرسة جرين,1,سكر,ناجح,1
581,نور فؤاد,أنثى,11,الجيزة، الهرم,01164369198,2023-09-03,مدرسة جرين,0,ربو,ناجح,1
582,عمر فؤاد,ذكر,10,الجيزة، الهرم,01035940627,2023-09-04,مدرسة الشروق,0,ضغط,راسب,1
583,فاطمة عبدالعزيز,أنثى,10,القاهرة، مدينة نصر,01002701339,2023-09-18,مدرسة النجوم,2,ضغط,ناجح,1
584,مصطفى حلمي,ذكر,12,الإسكندرية، سموحة,01500242791,2023-09-27,مدرسة الشروق,2,ربو,راسب,1
585,محمد سعيد,ذكر,10,الإسكندرية، سموحة,01194441939,2023-09-17,مدرسة المحيط,0,ضغط,راسب,1
586,حسن عبدالرحمن,ذكر,11,القاهرة، 6 أكتوبر,01160091672,2023-09-17,مدرسة الشروق,2,ضغط,ناجح,1
587,رنا سالم,أنثى,12,القاهرة، 6 أكتوبر,01067587240,2023-09-02,مدرسة المستقبل,1,لا يوجد,راسب,1
588,حسن سعيد,ذكر,10,الإسكندرية، سموحة,01548985888,2023-09-05,مدرسة المحيط,1,ضغط,ناجح,1
589,رنا إبراهيم,أنثى,11,الإسكندرية، سموحة,01267449407,2023-09-28,مدرسة المستقبل,0,ربو,ناجح,1
590,سارة عبدالعزيز,أنثى,12,الإسكندرية، العجمي,01530598597,2023-09-05,مدرسة اللوتس,0,سكر,ناجح,1
591,حسن حسن,ذكر,11,القاهرة، المعادي,01040286133,2023-09-22,مدرسة الشروق,1,حساسية,ناجح,1
592,مريم سالم,أنثى,12,الجيزة، الهرم,01119302020,2023-09-23,مدرسة الشروق,0,حساسية,راسب,1
593,هبة فؤاد,أنثى,11,القاهرة، المعادي,01046651293,2023-09-23,مدرسة جرين,1,سكر,ناجح,1
594,فاطمة حلمي,أنثى,12,الإسكندرية، سموحة,01540791423,2023-09-21,مدرسة الشروق,1,حساسية,ناجح,1
595,ندى حسن,أنثى,11,القاهرة، المعادي,01135655300,2023-09-22,مدرسة النجوم,0,ضغط,راسب,1
596,مصطفى عبدالرحمن,ذكر,11,القاهرة، 6 أكتوبر,01574696441,2023-09-05,مدرسة المحيط,2,سكر,ناجح,1
597,دينا فؤاد,أنثى,11,القاهرة، 6 أكتوبر,01087961236,2023-09-17,مدرسة النيل,2,لا يوجد,راسب,1
598,نور فؤاد,أنثى,12,الجيزة، الدقي,01248591576,2023-09-06,مدرسة النيل,0,لا يوجد,ناجح,1
599,مريم عبدالله,أنثى,10,القاهرة، مدينة نصر,01530136314,2023-09-05,مدرسة النيل,0,ربو,ناجح,1
600,آية سعيد,أنثى,12,القاهرة، 6 أكتوبر,01102018045,2023-09-13,مدرسة النجوم,0,ربو,راسب,1
601,محمد سالم,ذكر,10,القاهرة، المعادي,01076039887,2023-09-17,مدرسة المحيط,0,حساسية,ناجح,1
602,علي عبدالرحمن,ذكر,10,الإسكندرية، سموحة,01040710492,2023-09-23,مدرسة النجوم,0,سكر,ناجح,1
603,ندى عبدالعزيز,أنثى,11,القاهرة، 6 أكتوبر,01226419502,2023-09-26,مدرسة النخيل,1,لا يوجد,ناجح,1
604,مريم عبدالرحمن,أنثى,10,الجيزة، الدقي,01210170168,2023-09-03,مدرسة المحيط,2,سكر,راسب,1
605,فاطمة عبدالرحمن,أنثى,12,القاهرة، مصر الجديدة,01032790125,2023-09-25,مدرسة النيل,2,سكر,ناجح,1
606,نور فؤاد,أنثى,12,الجيزة، الهرم,01112535672,2023-09-10,مدرسة المستقبل,0,ضغط,راسب,1
607,مصطفى حسن,ذكر,10,الجيزة، الهرم,01053523274,2023-09-20,مدرسة المحيط,0,ربو,راسب,1
608,سعيد عبدالرحمن,ذكر,12,الإسكندرية، سموحة,01518324264,2023-09-06,مدرسة جرين,2,ضغط,راسب,1
609,ندى سالم,أنثى,10,القاهرة، مدينة نصر,01122777141,2023-09-17,مدرسة الشروق,0,لا يوجد,ناجح,1
610,يوسف سعيد,ذكر,12,الجيزة، الهرم,01564303609,2023-09-05,مدرسة المحيط,0,لا يوجد,راسب,1
611,سعيد عبدالعزيز,ذكر,12,الإسكندرية، العجمي,01219512609,2023-09-18,مدرسة جرين,0,حساسية,راسب,1
612,فاطمة عبدالعزيز,أنثى,11,الإسكندرية، سموحة,01074738954,2023-09-10,مدرسة المستقبل,1,ربو,ناجح,1
613,رنا عبدالرحمن,أنثى,10,الجيزة، الدقي,01115227085,2023-09-02,مدرسة جرين,2,سكر,راسب,1
614,عمر كامل,ذكر,12,الجيزة، الدقي,01044562449,2023-09-22,مدرسة جرين,0,سكر,ناجح,1
615,ندى عبدالرحمن,أنثى,12,الجيزة، الهرم,01129108863,2023-09-26,مدرسة جرين,1,ضغط,ناجح,1
616,مريم سعيد,أنثى,11,الإسكندرية، العجمي,01162490062,2023-09-12,مدرسة النيل,1,لا يوجد,راسب,1
617,محمود عبدالرحمن,ذكر,11,الإسكندرية، العجمي,01569925317,2023-09-09,مدرسة جرين,0,ربو,راسب,1
618,نور عبدالعزيز,أنثى,10,القاهرة، 6 أكتوبر,01129064343,2023-09-22,مدرسة النخيل,1,حساسية,راسب,1
619,فاطمة سعيد,أنثى,11,القاهرة، المعادي,01005844059,2023-09-17,مدرسة المحيط,0,حساسية,راسب,1
620,هبة كامل,أنثى,11,الجيزة، الهرم,01258377134,2023-09-29,مدرسة النخيل,0,ربو,راسب,1
621,فاطمة إبراهيم,أنثى,11,الإسكندرية، سموحة,01526795712,2023-09-22,مدرسة اللوتس,2,ربو,ناجح,1
622,دينا سالم,أنثى,10,الجيزة، الدقي,01518231960,2023-09-16,مدرسة النجوم,2,حساسية,راسب,1
623,حسن سعيد,ذكر,10,الإسكندرية، العجمي,01083244424,2023-09-07,مدرسة الشروق,0,ربو,ناجح,1
624,سارة إبراهيم,أنثى,12,الجيزة، الهرم,01206971986,2023-09-07,مدرسة المستقبل,0,لا يوجد,ناجح,1
625,نور فؤاد,أنثى,10,الجيزة، الدقي,01198403955,2023-09-24,مدرسة المحيط,1,سكر,ناجح,1
626,مصطفى فؤاد,ذكر,12,الجيزة، الدقي,01224750022,2023-09-19,مدرسة النيل,0,حساسية,ناجح,1
627,سارة حلمي,أنثى,10,الإسكندرية، سموحة,01109438189,2023-09-23,مدرسة المحيط,0,حساسية,راسب,1
628,خالد حلمي,ذكر,10,القاهرة، مصر الجديدة,01203833195,2023-09-20,مدرسة جرين,0,حساسية,ناجح,1
629,مريم كامل,أنثى,10,القاهرة، المعادي,01126640757,2023-09-24,مدرسة النيل,0,ربو,راسب,1
630,نور كامل,أنثى,11,القاهرة، المعادي,01185894666,2023-09-29,مدرسة النجوم,2,ربو,ناجح,1
631,علي عبدالرحمن,ذكر,12,الجيزة، الهرم,01073769260,2023-09-30,مدرسة النجوم,0,ربو,ناجح,1
632,فاطمة عبدالله,أنثى,11,القاهرة، مدينة نصر,01189877208,2023-09-27,مدرسة جرين,1,لا يوجد,ناجح,1
633,سعيد عبدالرحمن,ذكر,12,القاهرة، المعادي,01273277568,2023-09-07,مدرسة اللوتس,0,ربو,ناجح,1
634,محمد حسن,ذكر,11,الجيزة، الدقي,01503593678,2023-09-08,مدرسة النخيل,1,لا يوجد,راسب,1
635,عمر حسن,ذكر,11,القاهرة، مدينة نصر,01133911427,2023-09-19,مدرسة الشروق,0,سكر,راسب,1
636,حسن حلمي,ذكر,11,القاهرة، 6 أكتوبر,01270914336,2023-09-21,مدرسة اللوتس,0,لا يوجد,ناجح,1
637,أحمد سالم,ذكر,11,الإسكندرية، العجمي,01088291758,2023-09-11,مدرسة الشروق,0,حساسية,ناجح,1
638,فاطمة عبدالرحمن,أنثى,12,الجيزة، الدقي,01573161712,2023-09-21,مدرسة النخيل,0,لا يوجد,ناجح,1
639,محمود عبدالرحمن,ذكر,10,القاهرة، مدينة نصر,01074133289,2023-09-29,مدرسة النيل,2,حساسية,ناجح,1
640,محمود كامل,ذكر,11,القاهرة، 6 أكتوبر,01554750319,2023-09-28,مدرسة النخيل,0,سكر,ناجح,1
641,يوسف عبدالرحمن,ذكر,11,الإسكندرية، سموحة,01208711749,2023-09-01,مدرسة المستقبل,2,سكر,راسب,1
642,محمود سالم,ذكر,11,القاهرة، مصر الجديدة,01099297344,2023-09-03,مدرسة الشروق,0,لا يوجد,ناجح,1
643,ندى فؤاد,أنثى,11,القاهرة، مصر الجديدة,01010863261,2023-09-30,مدرسة جرين,2,لا يوجد,ناجح,1
644,آية عبدالله,أنثى,12,القاهرة، مصر الجديدة,01182688872,2023-09-27,مدرسة النيل,2,لا يوجد,ناجح,1
645,حسن عبدالرحمن,ذكر,12,القاهرة، مدينة نصر,01256730742,2023-09-21,مدرسة المستقبل,0,لا يوجد,ناجح,1
646,آية حلمي,أنثى,12,القاهرة، 6 أكتوبر,01542969460,2023-09-20,مدرسة النجوم,2,ربو,راسب,1
647,هبة كامل,أنثى,11,القاهرة، المعادي,01122260583,2023-09-09,مدرسة المحيط,0,سكر,ناجح,1
648,محمد إبراهيم,ذكر,12,القاهرة، مدينة نصر,01170441121,2023-09-21,مدرسة الشروق,2,ربو,راسب,1
649,عمر عبدالرحمن,ذكر,12,الإسكندرية، العجمي,01002480921,2023-09-04,مدرسة النيل,1,حساسية,راسب,1
650,محمد عبدالرحمن,ذكر,12,القاهرة، مدينة نصر,01559271489,2023-09-26,مدرسة النجوم,0,حساسية,راسب,1
651,يوسف عبدالله,ذكر,12,الإسكندرية، العجمي,01572636761,2023-09-18,مدرسة المحيط,2,ضغط,راسب,1
652,عمر فؤاد,ذكر,11,القاهرة، مدينة نصر,01558532953,2023-09-07,مدرسة المستقبل,1,ربو,راسب,1
653,دينا كامل,أنثى,12,القاهرة، مدينة نصر,01153842768,2023-09-04,مدرسة النخيل,1,حساسية,ناجح,1
654,خالد عبدالرحمن,ذكر,12,الإسكندرية، العجمي,01502574196,2023-09-26,مدرسة النجوم,2,ربو,راسب,1
655,سعيد سعيد,ذكر,10,القاهرة، مصر الجديدة,01598822982,2023-09-16,مدرسة المستقبل,2,ضغط,راسب,1
656,سارة كامل,أنثى,12,الإسكندرية، سموحة,01137050004,2023-09-22,مدرسة النجوم,0,لا يوجد,راسب,1
657,حسن سالم,ذكر,10,القاهرة، المعادي,01032335614,2023-09-23,مدرسة الشروق,0,ضغط,راسب,1
658,خالد فؤاد,ذكر,12,القاهرة، 6 أكتوبر,01077593956,2023-09-23,مدرسة النيل,0,حساسية,ناجح,1
659,رنا حلمي,أنثى,10,القاهرة، 6 أكتوبر,01259371702,2023-09-27,مدرسة النخيل,1,سكر,راسب,1
660,محمد حسن,ذكر,10,الإسكندرية، سموحة,01546164356,2023-09-07,مدرسة النجوم,0,حساسية,ناجح,1
661,فاطمة حلمي,أنثى,12,الجيزة، الدقي,01095735112,2023-09-13,مدرسة المستقبل,0,لا يوجد,ناجح,1
662,فاطمة إبراهيم,أنثى,12,الجيزة، الدقي,01566750598,2023-09-09,مدرسة المستقبل,2,لا يوجد,راسب,1
663,يوسف عبدالرحمن,ذكر,12,الإسكندرية، العجمي,01247225562,2023-09-21,مدرسة النجوم,2,ضغط,راسب,1
664,خالد فؤاد,ذكر,12,القاهرة، مدينة نصر,01536828001,2023-09-24,مدرسة النجوم,2,لا يوجد,ناجح,1
665,خالد كامل,ذكر,12,القاهرة، مدينة نصر,01281360320,2023-09-02,مدرسة جرين,2,سكر,ناجح,1
666,سعيد عبدالرحمن,ذكر,11,الإسكندرية، العجمي,01545935890,2023-09-18,مدرسة النجوم,1,ضغط,ناجح,1
667,سعيد عبدالعزيز,ذكر,11,الجيزة، الدقي,01533624911,2023-09-15,مدرسة النيل,0,سكر,راسب,1
668,آية فؤاد,أنثى,11,القاهرة، مدينة نصر,01299559189,2023-09-07,مدرسة النخيل,0,ربو,ناجح,1
669,يوسف سالم,ذكر,10,الجيزة، الهرم,01110052838,2023-09-14,مدرسة المحيط,1,ضغط,ناجح,1
670,يوسف عبدالعزيز,ذكر,12,القاهرة، المعادي,01573114957,2023-09-02,مدرسة جرين,0,ضغط,ناجح,1
671,رنا سعيد,أنثى,10,القاهرة، المعادي,01520909623,2023-09-19,مدرسة اللوتس,0,سكر,ناجح,1
672,محمود حلمي,ذكر,12,الإسكندرية، سموحة,01154252713,2023-09-24,مدرسة الشروق,0,لا يوجد,راسب,1
673,سعيد حلمي,ذكر,11,الجيزة، الدقي,01246234243,2023-09-28,مدرسة النيل,0,حساسية,راسب,1
674,سعيد حسن,ذكر,11,القاهرة، المعادي,01204150164,2023-09-07,مدرسة النجوم,0,لا يوجد,ناجح,1
675,آية عبدالله,أنثى,10,القاهرة، مصر الجديدة,01101502147,2023-09-05,مدرسة النجوم,0,حساسية,راسب,1
676,يوسف عبدالرحمن,ذكر,12,القاهرة، المعادي,01066482294,2023-09-08,مدرسة النجوم,2,ربو,ناجح,1
677,هبة عبدالله,أنثى,12,الإسكندرية، سموحة,01160154917,2023-09-01,مدرسة جرين,0,حساسية,راسب,1
678,نور عبدالعزيز,أنثى,12,القاهرة، 6 أكتوبر,01564328824,2023-09-18,مدرسة اللوتس,1,حساسية,راسب,1
679,نور إبراهيم,أنثى,12,الجيزة، الهرم,01505051497,2023-09-16,مدرسة النخيل,0,حساسية,راسب,1
680,نور عبدالرحمن,أنثى,12,القاهرة، 6 أكتوبر,01023228559,2023-09-04,مدرسة اللوتس,0,لا يوجد,راسب,1
681,علي حلمي,ذكر,10,القاهرة، مدينة نصر,01216008382,2023-09-17,مدرسة النيل,0,لا يوجد,ناجح,1
682,محمد سالم,ذكر,12,القاهرة، 6 أكتوبر,01531591092,2023-09-14,مدرسة جرين,0,ربو,ناجح,1
683,مصطفى حسن,ذكر,12,القاهرة، مدينة نصر,01254449381,2023-09-03,مدرسة جرين,0,لا يوجد,راسب,1
684,خالد كامل,ذكر,11,الإسكندرية، العجمي,01263277769,2023-09-03,مدرسة جرين,2,سكر,راسب,1
685,آية حسن,أنثى,10,القاهرة، مصر الجديدة,01286278392,2023-09-21,مدرسة النخيل,1,حساسية,راسب,1
686,خالد عبدالله,ذكر,10,القاهرة، المعادي,01051861084,2023-09-12,مدرسة الشروق,2,ضغط,ناجح,1
687,حسن عبدالله,ذكر,11,الإسكندرية، العجمي,01137816232,2023-09-21,مدرسة الشروق,0,ضغط,راسب,1
688,محمود سالم,ذكر,12,الجيزة، الهرم,01001146621,2023-09-16,مدرسة النخيل,0,حساسية,راسب,1
689,سعيد حلمي,ذكر,12,القاهرة، مدينة نصر,01073030316,2023-09-12,مدرسة الشروق,0,سكر,ناجح,1
690,حسن فؤاد,ذكر,12,الجيزة، الهرم,01272846397,2023-09-13,مدرسة النخيل,0,حساسية,راسب,1
691,دينا فؤاد,أنثى,11,القاهرة، مدينة نصر,01566714101,2023-09-14,مدرسة جرين,0,لا يوجد,راسب,1
692,رنا حلمي,أنثى,11,القاهرة، مدينة نصر,01021349021,2023-09-03,مدرسة المستقبل,0,حساسية,راسب,1
693,محمود سعيد,ذكر,12,الجيزة، الدقي,01500797057,2023-09-03,مدرسة جرين,0,ربو,راسب,1
694,سعيد فؤاد,ذكر,11,القاهرة، 6 أكتوبر,01193052769,2023-09-08,مدرسة النخيل,0,سكر,ناجح,1
695,محمد عبدالرحمن,ذكر,10,الإسكندرية، العجمي,01216567141,2023-09-13,مدرسة النيل,0,حساسية,راسب,1
696,حسن فؤاد,ذكر,11,الإسكندرية، سموحة,01160446662,2023-09-26,مدرسة اللوتس,0,ضغط,راسب,1
697,فاطمة إبراهيم,أنثى,11,القاهرة، 6 أكتوبر,01292621025,2023-09-03,مدرسة جرين,0,ضغط,ناجح,1
698,يوسف عبدالرحمن,ذكر,12,الإسكندرية، العجمي,01219249883,2023-09-01,مدرسة المحيط,0,سكر,ناجح,1
699,بسمة عبدالله,أنثى,10,الإسكندرية، العجمي,01241543555,2023-09-12,مدرسة النيل,0,حساسية,ناجح,1
700,سعيد حلمي,ذكر,11,الإسكندرية، العجمي,01275510180,2023-09-17,مدرسة النجوم,2,حساسية,راسب,1
701,دينا حسن,أنثى,11,الإسكندرية، العجمي,01269683124,2023-09-13,مدرسة جرين,0,ربو,ناجح,1
702,نور حسن,أنثى,10,الإسكندرية، سموحة,01144605184,2023-09-25,مدرسة النيل,2,ربو,راسب,1
703,سعيد حلمي,ذكر,12,القاهرة، مدينة نصر,01530069963,2023-09-03,مدرسة النيل,1,حساسية,راسب,1
704,يوسف عبدالله,ذكر,11,الإسكندرية، العجمي,01130914811,2023-09-21,مدرسة اللوتس,1,ضغط,راسب,1
705,سعيد حلمي,ذكر,11,الجيزة، الهرم,01292868720,2023-09-09,مدرسة الشروق,1,سكر,ناجح,1
706,محمود سالم,ذكر,11,القاهرة، المعادي,01152592600,2023-09-17,مدرسة النخيل,0,لا يوجد,راسب,1
707,بسمة عبدالعزيز,أنثى,12,القاهرة، المعادي,01213715673,2023-09-17,مدرسة النيل,0,سكر,ناجح,1
708,نور عبدالرحمن,أنثى,11,القاهرة، المعادي,01174471854,2023-09-27,مدرسة جرين,0,سكر,راسب,1
709,خالد سالم,ذكر,12,القاهرة، المعادي,01581014016,2023-09-22,مدرسة النيل,0,سكر,ناجح,1
710,دينا فؤاد,أنثى,12,الإسكندرية، سموحة,01550515270,2023-09-09,مدرسة النجوم,0,سكر,ناجح,1
711,مصطفى كامل,ذكر,10,القاهرة، مصر الجديدة,01186809636,2023-09-07,مدرسة النجوم,0,ضغط,ناجح,1
712,أحمد فؤاد,ذكر,12,القاهرة، مدينة نصر,01514515191,2023-09-29,مدرسة اللوتس,2,ضغط,راسب,1
713,ندى إبراهيم,أنثى,12,القاهرة، 6 أكتوبر,01221935493,2023-09-29,مدرسة المستقبل,0,سكر,راسب,1
714,خالد سالم,ذكر,10,القاهرة، 6 أكتوبر,01588899433,2023-09-19,مدرسة النخيل,0,لا يوجد,ناجح,1
715,محمود كامل,ذكر,11,القاهرة، 6 أكتوبر,01134293728,2023-09-13,مدرسة جرين,0,سكر,راسب,1
716,عمر حلمي,ذكر,12,الجيزة، الدقي,01260793036,2023-09-05,مدرسة المحيط,0,ربو,راسب,1
717,آية فؤاد,أنثى,12,القاهرة، 6 أكتوبر,01175427265,2023-09-18,مدرسة النخيل,1,حساسية,ناجح,1
718,يوسف فؤاد,ذكر,11,الجيزة، الدقي,01545754353,2023-09-01,مدرسة المحيط,0,سكر,ناجح,1
719,هبة حلمي,أنثى,12,الجيزة، الهرم,01061255054,2023-09-14,مدرسة اللوتس,0,سكر,راسب,1
720,مريم حسن,أنثى,12,القاهرة، المعادي,01040624607,2023-09-09,مدرسة اللوتس,2,حساسية,ناجح,1
721,محمد حلمي,ذكر,10,القاهرة، مصر الجديدة,01549283254,2023-09-05,مدرسة المحيط,0,لا يوجد,راسب,1
722,هبة كامل,أنثى,12,الإسكندرية، العجمي,01272249077,2023-09-30,مدرسة المحيط,0,ضغط,راسب,1
723,يوسف إبراهيم,ذكر,11,الإسكندرية، سموحة,01506466470,2023-09-02,مدرسة المحيط,2,ربو,راسب,1
724,ندى حلمي,أنثى,10,القاهرة، مدينة نصر,01278839466,2023-09-20,مدرسة الشروق,2,ضغط,راسب,1
725,محمد حلمي,ذكر,11,القاهرة، 6 أكتوبر,01015213251,2023-09-18,مدرسة النيل,2,لا يوجد,ناجح,1
726,أحمد كامل,ذكر,10,الإسكندرية، العجمي,01286013681,2023-09-21,مدرسة اللوتس,2,ضغط,راسب,1
727,خالد حسن,ذكر,10,الإسكندرية، العجمي,01098152740,2023-09-24,مدرسة الشروق,0,سكر,راسب,1
728,خالد إبراهيم,ذكر,12,الجيزة، الهرم,01247603835,2023-09-14,مدرسة النيل,0,ضغط,راسب,1
729,فاطمة عبدالرحمن,أنثى,11,الجيزة، الدقي,01007086207,2023-09-29,مدرسة الشروق,1,ضغط,راسب,1
730,يوسف عبدالعزيز,ذكر,10,الجيزة، الهرم,01517110290,2023-09-19,مدرسة الشروق,0,ربو,ناجح,1
731,أحمد عبدالرحمن,ذكر,12,القاهرة، مدينة نصر,01279957711,2023-09-05,مدرسة الشروق,2,سكر,راسب,1
732,محمود إبراهيم,ذكر,11,الإسكندرية، العجمي,01568008400,2023-09-08,مدرسة اللوتس,2,سكر,راسب,1
733,مريم إبراهيم,أنثى,12,الإسكندرية، سموحة,01165241420,2023-09-01,مدرسة المحيط,0,لا يوجد,ناجح,1
734,مصطفى حلمي,ذكر,11,القاهرة، مصر الجديدة,01053811898,2023-09-16,مدرسة النخيل,2,حساسية,راسب,1
735,حسن عبدالرحمن,ذكر,11,الجيزة، الهرم,01070292464,2023-09-18,مدرسة الشروق,0,لا يوجد,ناجح,1
736,ندى حلمي,أنثى,11,الجيزة، الهرم,01298098673,2023-09-24,مدرسة المحيط,0,ضغط,راسب,1
737,رنا سعيد,أنثى,11,الجيزة، الدقي,01199377316,2023-09-16,مدرسة النجوم,0,ربو,ناجح,1
738,سارة سالم,أنثى,10,الإسكندرية، العجمي,01135762492,2023-09-12,مدرسة النيل,0,سكر,راسب,1
739,محمد سالم,ذكر,10,القاهرة، 6 أكتوبر,01079508840,2023-09-24,مدرسة المستقبل,1,لا يوجد,راسب,1
740,دينا حسن,أنثى,10,القاهرة، مدينة نصر,01203123736,2023-09-30,مدرسة النيل,0,ربو,راسب,1
741,سعيد عبدالعزيز,ذكر,10,القاهرة، المعادي,01166901128,2023-09-15,مدرسة النجوم,0,ضغط,راسب,1
742,بسمة كامل,أنثى,12,الإسكندرية، العجمي,01081530202,2023-09-13,مدرسة اللوتس,0,سكر,راسب,1
743,مريم فؤاد,أنثى,11,القاهرة، مصر الجديدة,01287707121,2023-09-18,مدرسة المحيط,2,ضغط,ناجح,1
744,خالد عبدالعزيز,ذكر,12,القاهرة، مدينة نصر,01014798709,2023-09-09,مدرسة النخيل,2,لا يوجد,ناجح,1
745,حسن فؤاد,ذكر,10,القاهرة، المعادي,01514093212,2023-09-13,مدرسة اللوتس,0,لا يوجد,ناجح,1
746,رنا كامل,أنثى,12,القاهرة، المعادي,01095346002,2023-09-02,مدرسة النخيل,0,لا يوجد,ناجح,1
747,فاطمة عبدالله,أنثى,12,الجيزة، الدقي,01105509720,2023-09-25,مدرسة النيل,0,لا يوجد,راسب,1
748,ندى عبدالرحمن,أنثى,10,الإسكندرية، سموحة,01164330331,2023-09-17,مدرسة النيل,1,سكر,راسب,1
749,نور إبراهيم,أنثى,10,الجيزة، الهرم,01200299512,2023-09-23,مدرسة النخيل,2,لا يوجد,ناجح,1
750,علي عبدالرحمن,ذكر,10,الإسكندرية، سموحة,01074113218,2023-09-27,مدرسة اللوتس,2,لا يوجد,ناجح,1
751,محمود عبدالرحمن,ذكر,12,القاهرة، 6 أكتوبر,01086088357,2023-09-14,مدرسة النجوم,2,لا يوجد,راسب,1
752,بسمة إبراهيم,أنثى,11,الجيزة، الهرم,01528047065,2023-09-28,مدرسة الشروق,0,لا يوجد,راسب,1
753,آية سالم,أنثى,12,الجيزة، الهرم,01167324457,2023-09-10,مدرسة اللوتس,1,ضغط,راسب,1
754,محمد حسن,ذكر,10,القاهرة، المعادي,01594380030,2023-09-27,مدرسة النخيل,0,سكر,راسب,1
755,حسن عبدالعزيز,ذكر,11,الجيزة، الهرم,01577476336,2023-09-30,مدرسة المحيط,2,ربو,راسب,1
756,هبة عبدالعزيز,أنثى,12,الجيزة، الدقي,01580276129,2023-09-03,مدرسة جرين,1,ربو,ناجح,1
757,آية عبدالله,أنثى,10,القاهرة، مدينة نصر,01526488434,2023-09-12,مدرسة الشروق,1,حساسية,ناجح,1
758,آية سالم,أنثى,11,القاهرة، مدينة نصر,01025219200,2023-09-07,مدرسة النجوم,0,حساسية,راسب,1
759,عمر إبراهيم,ذكر,11,الجيزة، الدقي,01248506878,2023-09-08,مدرسة المحيط,2,ربو,ناجح,1
760,سعيد حلمي,ذكر,10,القاهرة، المعادي,01202230146,2023-09-13,مدرسة النخيل,0,ضغط,راسب,1
761,مصطفى عبدالله,ذكر,12,الجيزة، الهرم,01238848386,2023-09-18,مدرسة اللوتس,0,سكر,ناجح,1
762,أحمد إبراهيم,ذكر,10,الإسكندرية، العجمي,01216138925,2023-09-17,مدرسة النخيل,1,حساسية,راسب,1
763,خالد إبراهيم,ذكر,12,الإسكندرية، العجمي,01593107548,2023-09-22,مدرسة النيل,2,سكر,ناجح,1
764,آية عبدالله,أنثى,12,الإسكندرية، العجمي,01153567584,2023-09-28,مدرسة النيل,2,ضغط,راسب,1
765,عمر إبراهيم,ذكر,11,القاهرة، المعادي,01156328042,2023-09-15,مدرسة اللوتس,0,سكر,ناجح,1
766,رنا حسن,أنثى,10,القاهرة، 6 أكتوبر,01099098654,2023-09-14,مدرسة النجوم,0,ربو,ناجح,1
767,خالد إبراهيم,ذكر,12,القاهرة، المعادي,01037407800,2023-09-11,مدرسة الشروق,0,ضغط,راسب,1
768,عمر حسن,ذكر,12,الجيزة، الهرم,01092699244,2023-09-20,مدرسة النيل,2,ربو,ناجح,1
769,سارة سعيد,أنثى,12,الجيزة، الدقي,01183403394,2023-09-03,مدرسة الشروق,2,لا يوجد,ناجح,1
770,حسن إبراهيم,ذكر,12,الجيزة، الدقي,01071594783,2023-09-20,مدرسة اللوتس,0,حساسية,راسب,1
771,أحمد حسن,ذكر,10,القاهرة، المعادي,01294683863,2023-09-27,مدرسة النيل,0,سكر,ناجح,1
772,سعيد حلمي,ذكر,10,الجيزة، الدقي,01255672678,2023-09-08,مدرسة النيل,0,ضغط,راسب,1
773,مريم عبدالرحمن,أنثى,11,القاهرة، 6 أكتوبر,01195233993,2023-09-25,مدرسة الشروق,0,ضغط,راسب,1
774,سارة حسن,أنثى,10,الإسكندرية، سموحة,01225678220,2023-09-14,مدرسة الشروق,0,سكر,راسب,1
775,محمد حسن,ذكر,10,القاهرة، مصر الجديدة,01276581880,2023-09-26,مدرسة النيل,0,سكر,راسب,1
776,رنا عبدالرحمن,أنثى,12,الإسكندرية، العجمي,01196059705,2023-09-30,مدرسة المحيط,2,حساسية,راسب,1
777,دينا عبدالرحمن,أنثى,11,الجيزة، الدقي,01106552637,2023-09-22,مدرسة المحيط,0,سكر,راسب,1
778,بسمة حلمي,أنثى,11,القاهرة، المعادي,01247841334,2023-09-30,مدرسة المستقبل,2,سكر,ناجح,1
779,نور سالم,أنثى,12,الإسكندرية، العجمي,01297497020,2023-09-15,مدرسة اللوتس,0,ربو,راسب,1
780,خالد حسن,ذكر,10,القاهرة، المعادي,01580143949,2023-09-16,مدرسة اللوتس,0,حساسية,راسب,1
781,هبة سعيد,أنثى,11,القاهرة، 6 أكتوبر,01136478518,2023-09-18,مدرسة المستقبل,0,ربو,راسب,1
782,سعيد حلمي,ذكر,12,القاهرة، مصر الجديدة,01116322243,2023-09-01,مدرسة المستقبل,2,ضغط,راسب,1
783,نور حسن,أنثى,12,القاهرة، 6 أكتوبر,01518324102,2023-09-30,مدرسة المستقبل,0,لا يوجد,ناجح,1
784,آية فؤاد,أنثى,10,الجيزة، الهرم,01177960478,2023-09-27,مدرسة المستقبل,0,لا يوجد,ناجح,1
785,سعيد فؤاد,ذكر,11,الجيزة، الدقي,01153547818,2023-09-24,مدرسة جرين,0,لا يوجد,ناجح,1
786,مصطفى سالم,ذكر,12,الإسكندرية، سموحة,01106951335,2023-09-07,مدرسة النجوم,2,ضغط,ناجح,1
787,عمر حسن,ذكر,11,الجيزة، الدقي,01529558865,2023-09-30,مدرسة جرين,2,ضغط,ناجح,1
788,هبة عبدالعزيز,أنثى,11,الجيزة، الهرم,01194929223,2023-09-25,مدرسة المحيط,0,لا يوجد,راسب,1
789,علي عبدالعزيز,ذكر,12,القاهرة، المعادي,01504715714,2023-09-10,مدرسة جرين,0,ضغط,راسب,1
790,مريم حسن,أنثى,10,الجيزة، الهرم,01504614705,2023-09-08,مدرسة المحيط,2,حساسية,ناجح,1
791,نور عبدالله,أنثى,12,الإسكندرية، سموحة,01040424211,2023-09-08,مدرسة جرين,0,سكر,راسب,1
792,أحمد سالم,ذكر,10,الإسكندرية، سموحة,01563548130,2023-09-17,مدرسة الشروق,0,ضغط,ناجح,1
793,سارة عبدالله,أنثى,10,الإسكندرية، العجمي,01598383635,2023-09-08,مدرسة النجوم,0,ضغط,راسب,1
794,آية سالم,أنثى,12,القاهرة، مدينة نصر,01037740805,2023-09-07,مدرسة الشروق,0,ضغط,راسب,1
795,دينا سالم,أنثى,11,الإسكندرية، سموحة,01167864979,2023-09-26,مدرسة النجوم,2,سكر,راسب,1
796,آية فؤاد,أنثى,12,القاهرة، مصر الجديدة,01224770494,2023-09-10,مدرسة النجوم,0,ربو,ناجح,1
797,حسن سعيد,ذكر,10,الإسكندرية، العجمي,01235809087,2023-09-29,مدرسة جرين,2,سكر,ناجح,1
798,رنا عبدالعزيز,أنثى,11,القاهرة، المعادي,01273893552,2023-09-07,مدرسة جرين,0,لا يوجد,ناجح,1
799,حسن حلمي,ذكر,10,القاهرة، مدينة نصر,01066551850,2023-09-24,مدرسة اللوتس,0,حساسية,راسب,1
800,أحمد حلمي,ذكر,10,القاهرة، المعادي,01218796084,2023-09-04,مدرسة جرين,0,ضغط,ناجح,1
801,حسن فؤاد,ذكر,12,الإسكندرية، سموحة,01079539701,2023-09-24,مدرسة النجوم,0,لا يوجد,راسب,1
802,محمود كامل,ذكر,11,القاهرة، 6 أكتوبر,01082916896,2023-09-04,مدرسة النخيل,0,لا يوجد,راسب,1
803,ندى عبدالعزيز,أنثى,10,القاهرة، 6 أكتوبر,01273080868,2023-09-21,مدرسة النيل,0,حساسية,راسب,1
804,خالد حسن,ذكر,12,القاهرة، 6 أكتوبر,01232404670,2023-09-02,مدرسة الشروق,0,ضغط,راسب,1
805,سعيد عبدالرحمن,ذكر,12,الإسكندرية، سموحة,01123478665,2023-09-13,مدرسة الشروق,0,سكر,ناجح,1
806,محمود حسن,ذكر,12,القاهرة، المعادي,01189624406,2023-09-24,مدرسة المستقبل,0,سكر,راسب,1
807,أحمد عبدالعزيز,ذكر,12,القاهرة، مدينة نصر,01516555888,2023-09-21,مدرسة جرين,0,لا يوجد,راسب,1
808,سعيد كامل,ذكر,10,القاهرة، المعادي,01145640456,2023-09-23,مدرسة جرين,1,حساسية,ناجح,1
809,علي كامل,ذكر,10,الإسكندرية، سموحة,01527670999,2023-09-10,مدرسة المستقبل,0,ربو,ناجح,1
810,عمر كامل,ذكر,12,الجيزة، الدقي,01229530995,2023-09-04,مدرسة جرين,0,سكر,راسب,1
811,علي حلمي,ذكر,11,الإسكندرية، العجمي,01182335554,2023-09-23,مدرسة اللوتس,0,حساسية,راسب,1
812,سعيد حلمي,ذكر,12,الإسكندرية، العجمي,01591888559,2023-09-06,مدرسة النجوم,0,ضغط,راسب,1
813,هبة كامل,أنثى,11,الإسكندرية، العجمي,01183289484,2023-09-16,مدرسة النيل,1,ربو,راسب,1
814,عمر سعيد,ذكر,11,القاهرة، 6 أكتوبر,01101767925,2023-09-29,مدرسة اللوتس,0,ضغط,ناجح,1
815,علي كامل,ذكر,10,القاهرة، المعادي,01107889731,2023-09-08,مدرسة اللوتس,1,حساسية,راسب,1
816,خالد حلمي,ذكر,12,القاهرة، مدينة نصر,01277012005,2023-09-30,مدرسة جرين,0,ربو,راسب,1
817,يوسف حسن,ذكر,12,القاهرة، مصر الجديدة,01264796590,2023-09-04,مدرسة النخيل,2,سكر,راسب,1
818,يوسف سالم,ذكر,11,الإسكندرية، سموحة,01541500936,2023-09-08,مدرسة جرين,0,حساسية,ناجح,1
819,رنا عبدالعزيز,أنثى,12,القاهرة، المعادي,01140116681,2023-09-17,مدرسة النيل,0,لا يوجد,ناجح,1
820,عمر عبدالرحمن,ذكر,10,الإسكندرية، سموحة,01075352950,2023-09-03,مدرسة النيل,1,لا يوجد,ناجح,1
821,عمر سعيد,ذكر,10,الإسكندرية، العجمي,01063681383,2023-09-01,مدرسة الشروق,0,ضغط,ناجح,1
822,سارة عبدالله,أنثى,12,الجيزة، الدقي,01258586967,2023-09-21,مدرسة النخيل,2,لا يوجد,ناجح,1
823,نور عبدالعزيز,أنثى,12,الإسكندرية، سموحة,01002621688,2023-09-04,مدرسة الشروق,0,ضغط,راسب,1
824,نور سعيد,أنثى,12,القاهرة، 6 أكتوبر,01574633738,2023-09-07,مدرسة النيل,2,حساسية,راسب,1
825,آية حسن,أنثى,11,الجيزة، الهرم,01121351783,2023-09-01,مدرسة النيل,2,ضغط,راسب,1
826,خالد إبراهيم,ذكر,11,الإسكندرية، سموحة,01024325653,2023-09-08,مدرسة جرين,1,سكر,ناجح,1
827,آية فؤاد,أنثى,12,الإسكندرية، سموحة,01000597369,2023-09-18,مدرسة الشروق,2,ضغط,راسب,1
828,عمر سعيد,ذكر,12,القاهرة، المعادي,01012444019,2023-09-28,مدرسة النيل,0,ربو,ناجح,1
829,هبة فؤاد,أنثى,10,القاهرة، مصر الجديدة,01156231600,2023-09-30,مدرسة النجوم,0,حساسية,ناجح,1
830,عمر فؤاد,ذكر,12,القاهرة، مدينة نصر,01235692842,2023-09-19,مدرسة النجوم,0,لا يوجد,راسب,1
831,حسن حلمي,ذكر,12,القاهرة، المعادي,01010300721,2023-09-24,مدرسة اللوتس,0,لا يوجد,ناجح,1
832,عمر عبدالعزيز,ذكر,10,القاهرة، مدينة نصر,01177822780,2023-09-08,مدرسة اللوتس,0,سكر,ناجح,1
833,بسمة كامل,أنثى,10,الإسكندرية، سموحة,01234606705,2023-09-26,مدرسة النجوم,0,سكر,راسب,1
834,مريم عبدالعزيز,أنثى,12,الجيزة، الهرم,01121522853,2023-09-28,مدرسة المحيط,2,ضغط,ناجح,1
835,هبة سعيد,أنثى,12,القاهرة، مصر الجديدة,01176348937,2023-09-11,مدرسة النجوم,0,سكر,ناجح,1
836,حسن إبراهيم,ذكر,10,القاهرة، المعادي,01053388987,2023-09-29,مدرسة النجوم,0,سكر,راسب,1
837,هبة كامل,أنثى,11,القاهرة، المعادي,01506695410,2023-09-26,مدرسة الشروق,0,ضغط,ناجح,1
838,يوسف حسن,ذكر,12,القاهرة، 6 أكتوبر,01220297463,2023-09-22,مدرسة جرين,0,لا يوجد,راسب,1
839,ندى حلمي,أنثى,11,الإسكندرية، سموحة,01266778557,2023-09-27,مدرسة جرين,1,ربو,ناجح,1
840,مصطفى عبدالله,ذكر,11,القاهرة، المعادي,01034378384,2023-09-12,مدرسة الشروق,0,ضغط,ناجح,1
841,ندى سعيد,أنثى,12,الجيزة، الدقي,01083301410,2023-09-17,مدرسة المستقبل,1,سكر,راسب,1
842,سعيد سعيد,ذكر,10,القاهرة، المعادي,01121737555,2023-09-13,مدرسة جرين,2,ربو,ناجح,1
843,محمد حلمي,ذكر,12,الجيزة، الدقي,01268676522,2023-09-02,مدرسة النجوم,0,حساسية,ناجح,1
844,ندى حلمي,أنثى,11,الإسكندرية، سموحة,01101075250,2023-09-01,مدرسة النخيل,0,لا يوجد,راسب,1
845,ندى حلمي,أنثى,11,الإسكندرية، العجمي,01076240439,2023-09-06,مدرسة المحيط,1,ربو,ناجح,1
846,علي عبدالله,ذكر,12,الإسكندرية، العجمي,01044577132,2023-09-17,مدرسة النجوم,2,ربو,ناجح,1
847,حسن سالم,ذكر,12,الجيزة، الدقي,01235239350,2023-09-27,مدرسة المستقبل,0,ضغط,راسب,1
848,هبة حسن,أنثى,12,الجيزة، الدقي,01129043455,2023-09-04,مدرسة النيل,0,لا يوجد,راسب,1
849,أحمد إبراهيم,ذكر,12,الجيزة، الدقي,01565604125,2023-09-06,مدرسة النجوم,2,سكر,راسب,1
850,مريم عبدالعزيز,أنثى,11,القاهرة، مدينة نصر,01283710695,2023-09-12,مدرسة المستقبل,1,ربو,راسب,1
851,بسمة عبدالله,أنثى,11,الجيزة، الهرم,01148913987,2023-09-15,مدرسة المستقبل,0,سكر,ناجح,1
852,آية عبدالعزيز,أنثى,12,الإسكندرية، سموحة,01085279779,2023-09-19,مدرسة النيل,1,ربو,ناجح,1
853,نور سعيد,أنثى,12,القاهرة، مصر الجديدة,01576162674,2023-09-21,مدرسة المحيط,0,ضغط,ناجح,1
854,مصطفى عبدالله,ذكر,10,القاهرة، مدينة نصر,01140442781,2023-09-02,مدرسة المستقبل,0,سكر,راسب,1
855,حسن سالم,ذكر,11,القاهرة، مدينة نصر,01579400628,2023-09-09,مدرسة جرين,1,ضغط,راسب,1
856,علي حسن,ذكر,10,القاهرة، 6 أكتوبر,01201325144,2023-09-16,مدرسة المستقبل,2,سكر,راسب,1
857,عمر عبدالرحمن,ذكر,11,الجيزة، الدقي,01503078237,2023-09-28,مدرسة النجوم,0,حساسية,ناجح,1
858,دينا حسن,أنثى,12,القاهرة، مدينة نصر,01243571468,2023-09-22,مدرسة النيل,2,حساسية,راسب,1
859,نور حلمي,أنثى,11,الإسكندرية، العجمي,01166749273,2023-09-06,مدرسة النخيل,0,لا يوجد,ناجح,1
860,هبة سالم,أنثى,11,الإسكندرية، سموحة,01226926525,2023-09-21,مدرسة اللوتس,0,ربو,راسب,1
861,هبة عبدالعزيز,أنثى,10,القاهرة، مدينة نصر,01269900018,2023-09-29,مدرسة الشروق,2,لا يوجد,ناجح,1
862,هبة سعيد,أنثى,12,الإسكندرية، سموحة,01518419156,2023-09-11,مدرسة النجوم,1,سكر,ناجح,1
863,مريم سالم,أنثى,11,الإسكندرية، العجمي,01515652858,2023-09-25,مدرسة الشروق,0,لا يوجد,راسب,1
864,خالد عبدالله,ذكر,11,الإسكندرية، العجمي,01166215913,2023-09-15,مدرسة الشروق,0,ربو,ناجح,1
865,رنا عبدالعزيز,أنثى,12,القاهرة، 6 أكتوبر,01132367412,2023-09-03,مدرسة المحيط,2,حساسية,راسب,1
866,خالد كامل,ذكر,12,القاهرة، 6 أكتوبر,01058753917,2023-09-28,مدرسة النجوم,0,حساسية,ناجح,1
867,دينا إبراهيم,أنثى,11,الإسكندرية، العجمي,01532561912,2023-09-16,مدرسة النجوم,0,ضغط,ناجح,1
868,ندى عبدالرحمن,أنثى,11,الجيزة، الدقي,01216902394,2023-09-21,مدرسة النخيل,0,ضغط,راسب,1
869,بسمة كامل,أنثى,12,الجيزة، الدقي,01123201378,2023-09-05,مدرسة النجوم,0,سكر,ناجح,1
870,سعيد سعيد,ذكر,10,القاهرة، 6 أكتوبر,01520113240,2023-09-22,مدرسة النيل,0,ربو,راسب,1
871,هبة فؤاد,أنثى,12,القاهرة، مصر الجديدة,01196000491,2023-09-20,مدرسة النخيل,0,ضغط,ناجح,1
872,عمر كامل,ذكر,11,القاهرة، المعادي,01168094757,2023-09-16,مدرسة النخيل,1,ربو,ناجح,1
873,مريم إبراهيم,أنثى,12,الجيزة، الدقي,01596330912,2023-09-19,مدرسة المستقبل,0,ضغط,راسب,1
874,نور فؤاد,أنثى,11,القاهرة، المعادي,01241816572,2023-09-10,مدرسة المحيط,0,ربو,ناجح,1
875,يوسف سالم,ذكر,11,القاهرة، المعادي,01039214236,2023-09-28,مدرسة النخيل,0,ربو,ناجح,1
876,ندى حسن,أنثى,12,الإسكندرية، سموحة,01224099464,2023-09-03,مدرسة جرين,0,ربو,راسب,1
877,سعيد حسن,ذكر,11,القاهرة، مدينة نصر,01104943141,2023-09-03,مدرسة النخيل,0,لا يوجد,ناجح,1
878,سارة فؤاد,أنثى,10,القاهرة، المعادي,01171898384,2023-09-30,مدرسة المستقبل,0,ضغط,ناجح,1
879,مريم سالم,أنثى,10,الجيزة، الدقي,01575064067,2023-09-17,مدرسة المستقبل,0,لا يوجد,ناجح,1
880,مصطفى عبدالله,ذكر,11,القاهرة، 6 أكتوبر,01291284089,2023-09-14,مدرسة النخيل,2,حساسية,ناجح,1
881,هبة سالم,أنثى,10,القاهرة، المعادي,01284738235,2023-09-28,مدرسة اللوتس,1,لا يوجد,ناجح,1
882,أحمد سالم,ذكر,10,الجيزة، الدقي,01091462468,2023-09-21,مدرسة النجوم,2,حساسية,راسب,1
883,ندى حلمي,أنثى,12,القاهرة، المعادي,01588703841,2023-09-21,مدرسة المستقبل,0,لا يوجد,ناجح,1
884,محمد حسن,ذكر,12,الجيزة، الدقي,01241047498,2023-09-11,مدرسة المحيط,2,ضغط,راسب,1
885,فاطمة حلمي,أنثى,11,الجيزة، الهرم,01117470084,2023-09-14,مدرسة المحيط,0,لا يوجد,راسب,1
886,مصطفى سعيد,ذكر,12,الإسكندرية، العجمي,01265037151,2023-09-19,مدرسة النخيل,2,ضغط,راسب,1
887,نور حلمي,أنثى,10,الجيزة، الدقي,01137054890,2023-09-23,مدرسة المحيط,1,لا يوجد,راسب,1
888,مريم سالم,أنثى,12,القاهرة، المعادي,01214861306,2023-09-27,مدرسة جرين,1,سكر,ناجح,1
889,يوسف سالم,ذكر,11,الإسكندرية، سموحة,01208030493,2023-09-22,مدرسة النيل,0,لا يوجد,ناجح,1
890,عمر عبدالرحمن,ذكر,10,الإسكندرية، سموحة,01547503319,2023-09-15,مدرسة الشروق,2,ربو,ناجح,1
891,آية إبراهيم,أنثى,10,القاهرة، المعادي,01146209490,2023-09-08,مدرسة المحيط,0,ضغط,راسب,1
892,دينا كامل,أنثى,12,الجيزة، الهرم,01275227894,2023-09-17,مدرسة جرين,0,ضغط,ناجح,1
893,محمود عبدالرحمن,ذكر,12,الجيزة، الدقي,01554843191,2023-09-01,مدرسة جرين,0,لا يوجد,ناجح,1
894,محمود إبراهيم,ذكر,11,الإسكندرية، العجمي,01586109190,2023-09-27,مدرسة النخيل,1,حساسية,راسب,1
895,نور حلمي,أنثى,12,القاهرة، مصر الجديدة,01579962658,2023-09-16,مدرسة النجوم,0,ربو,ناجح,1
896,محمود كامل,ذكر,12,الإسكندرية، العجمي,01269302199,2023-09-16,مدرسة المستقبل,2,لا يوجد,راسب,1
897,رنا عبدالعزيز,أنثى,12,الجيزة، الهرم,01216700394,2023-09-12,مدرسة المحيط,2,ربو,راسب,1
898,رنا سالم,أنثى,12,القاهرة، 6 أكتوبر,01084385021,2023-09-06,مدرسة الشروق,0,ربو,ناجح,1
899,نور عبدالعزيز,أنثى,11,القاهرة، 6 أكتوبر,01162558970,2023-09-07,مدرسة جرين,2,لا يوجد,راسب,1
900,علي عبدالرحمن,ذكر,12,الجيزة، الهرم,01248713399,2023-09-26,مدرسة اللوتس,0,ربو,ناجح,1
901,سعيد حلمي,ذكر,12,القاهرة، مصر الجديدة,01108175163,2023-09-05,مدرسة النخيل,0,ربو,ناجح,1
902,بسمة إبراهيم,أنثى,10,الإسكندرية، سموحة,01161033068,2023-09-03,مدرسة النخيل,0,ربو,راسب,1
903,عمر عبدالله,ذكر,10,الإسكندرية، سموحة,01161390974,2023-09-13,مدرسة المحيط,2,ربو,ناجح,1
904,هبة عبدالعزيز,أنثى,10,القاهرة، مدينة نصر,01050140257,2023-09-22,مدرسة اللوتس,1,حساسية,ناجح,1
905,علي فؤاد,ذكر,11,القاهرة، مدينة نصر,01047356022,2023-09-24,مدرسة الشروق,0,ربو,راسب,1
906,نور سالم,أنثى,12,القاهرة، المعادي,01569406962,2023-09-08,مدرسة الشروق,1,حساسية,ناجح,1
907,حسن سالم,ذكر,10,الإسكندرية، العجمي,01092040854,2023-09-04,مدرسة النيل,2,حساسية,ناجح,1
908,علي سالم,ذكر,11,القاهرة، المعادي,01571391588,2023-09-24,مدرسة النخيل,2,لا يوجد,ناجح,1
909,سارة فؤاد,أنثى,10,القاهرة، مدينة نصر,01111287857,2023-09-01,مدرسة المستقبل,2,ربو,ناجح,1
910,ندى حسن,أنثى,10,القاهرة، مدينة نصر,01578094910,2023-09-12,مدرسة اللوتس,0,لا يوجد,ناجح,1
911,خالد حسن,ذكر,10,الإسكندرية، العجمي,01120849915,2023-09-03,مدرسة اللوتس,2,لا يوجد,ناجح,1
912,سعيد سالم,ذكر,11,القاهرة، المعادي,01023111272,2023-09-19,مدرسة اللوتس,0,لا يوجد,راسب,1
913,علي حسن,ذكر,11,القاهرة، 6 أكتوبر,01083012920,2023-09-30,مدرسة اللوتس,0,حساسية,راسب,1
914,أحمد عبدالرحمن,ذكر,12,الإسكندرية، سموحة,01248391667,2023-09-29,مدرسة الشروق,1,لا يوجد,راسب,1
915,سعيد عبدالعزيز,ذكر,10,الجيزة، الهرم,01256581565,2023-09-17,مدرسة النيل,0,لا يوجد,راسب,1
916,يوسف حسن,ذكر,11,الإسكندرية، العجمي,01575124031,2023-09-08,مدرسة المحيط,0,ضغط,راسب,1
917,محمود عبدالعزيز,ذكر,10,الإسكندرية، العجمي,01026928148,2023-09-15,مدرسة الشروق,0,سكر,ناجح,1
918,يوسف فؤاد,ذكر,11,الجيزة، الهرم,01092079926,2023-09-26,مدرسة النخيل,0,حساسية,ناجح,1
919,عمر عبدالله,ذكر,12,القاهرة، مصر الجديدة,01212793668,2023-09-14,مدرسة النيل,1,لا يوجد,راسب,1
920,محمود عبدالله,ذكر,12,الجيزة، الدقي,01298415629,2023-09-10,مدرسة النجوم,0,حساسية,ناجح,1
921,مصطفى كامل,ذكر,11,الإسكندرية، العجمي,01058254520,2023-09-15,مدرسة النخيل,1,لا يوجد,ناجح,1
922,نور عبدالرحمن,أنثى,11,القاهرة، المعادي,01124622348,2023-09-29,مدرسة جرين,0,ربو,راسب,1
923,آية إبراهيم,أنثى,12,الإسكندرية، العجمي,01246076751,2023-09-29,مدرسة المستقبل,2,ضغط,ناجح,1
924,سعيد عبدالعزيز,ذكر,10,القاهرة، مصر الجديدة,01231843150,2023-09-16,مدرسة النجوم,0,لا يوجد,ناجح,1
925,خالد سالم,ذكر,10,الإسكندرية، سموحة,01548251891,2023-09-01,مدرسة اللوتس,2,حساسية,ناجح,1
926,محمود حسن,ذكر,11,الإسكندرية، العجمي,01071823885,2023-09-29,مدرسة الشروق,0,سكر,راسب,1
927,آية عبدالرحمن,أنثى,12,القاهرة، المعادي,01543135326,2023-09-11,مدرسة المستقبل,0,سكر,ناجح,1
928,رنا فؤاد,أنثى,10,القاهرة، 6 أكتوبر,01269791897,2023-09-30,مدرسة جرين,1,حساسية,راسب,1
929,آية عبدالله,أنثى,10,الإسكندرية، سموحة,01083264974,2023-09-25,مدرسة المحيط,0,لا يوجد,راسب,1
930,رنا سعيد,أنثى,12,الجيزة، الدقي,01024061052,2023-09-29,مدرسة النيل,2,ربو,راسب,1
931,علي سعيد,ذكر,12,القاهرة، المعادي,01127260182,2023-09-28,مدرسة النخيل,0,ربو,راسب,1
932,ندى إبراهيم,أنثى,11,القاهرة، مدينة نصر,01017165484,2023-09-19,مدرسة اللوتس,0,ربو,راسب,1
933,يوسف حلمي,ذكر,10,الإسكندرية، العجمي,01523959038,2023-09-14,مدرسة الشروق,0,لا يوجد,ناجح,1
934,سعيد سالم,ذكر,10,الإسكندرية، العجمي,01188308402,2023-09-27,مدرسة اللوتس,0,ربو,ناجح,1
935,سارة فؤاد,أنثى,10,القاهرة، المعادي,01148644675,2023-09-21,مدرسة جرين,0,ربو,راسب,1
936,مصطفى حسن,ذكر,11,الجيزة، الهرم,01574828580,2023-09-26,مدرسة اللوتس,0,حساسية,ناجح,1
937,سعيد عبدالعزيز,ذكر,12,القاهرة، مصر الجديدة,01084732718,2023-09-04,مدرسة النيل,2,سكر,راسب,1
938,عمر عبدالرحمن,ذكر,12,القاهرة، 6 أكتوبر,01084756705,2023-09-04,مدرسة جرين,2,سكر,ناجح,1
939,علي حلمي,ذكر,11,القاهرة، مدينة نصر,01178663029,2023-09-07,مدرسة النجوم,0,حساسية,راسب,1
940,ندى حلمي,أنثى,12,الإسكندرية، العجمي,01059549624,2023-09-12,مدرسة النيل,0,ضغط,ناجح,1
941,محمود عبدالعزيز,ذكر,11,القاهرة، 6 أكتوبر,01055938679,2023-09-16,مدرسة المستقبل,1,ربو,راسب,1
942,يوسف فؤاد,ذكر,11,القاهرة، 6 أكتوبر,01571906664,2023-09-24,مدرسة المستقبل,1,ربو,راسب,1
943,محمود حلمي,ذكر,11,الجيزة، الدقي,01107607694,2023-09-04,مدرسة الشروق,0,ربو,ناجح,1
944,هبة عبدالرحمن,أنثى,11,القاهرة، 6 أكتوبر,01191068594,2023-09-10,مدرسة الشروق,1,لا يوجد,ناجح,1
945,سارة عبدالعزيز,أنثى,11,القاهرة، مدينة نصر,01123272606,2023-09-28,مدرسة النخيل,0,لا يوجد,راسب,1
946,أحمد عبدالله,ذكر,10,القاهرة، مصر الجديدة,01508280496,2023-09-04,مدرسة المستقبل,1,سكر,ناجح,1
947,ندى عبدالله,أنثى,11,القاهرة، مصر الجديدة,01158191199,2023-09-29,مدرسة المستقبل,0,لا يوجد,راسب,1
948,آية كامل,أنثى,11,الإسكندرية، سموحة,01515379079,2023-09-21,مدرسة جرين,2,ربو,راسب,1
949,محمد كامل,ذكر,11,الجيزة، الهرم,01010248061,2023-09-12,مدرسة الشروق,1,سكر,راسب,1
950,نور سعيد,أنثى,10,الجيزة، الدقي,01551135728,2023-09-10,مدرسة اللوتس,0,ربو,راسب,1
951,فاطمة عبدالعزيز,أنثى,10,القاهرة، 6 أكتوبر,01540423198,2023-09-16,مدرسة النجوم,2,سكر,راسب,1
952,عمر كامل,ذكر,11,القاهرة، مصر الجديدة,01570031762,2023-09-01,مدرسة النخيل,0,حساسية,ناجح,1
953,نور سالم,أنثى,10,القاهرة، 6 أكتوبر,01540233352,2023-09-02,مدرسة الشروق,2,لا يوجد,راسب,1
954,علي عبدالرحمن,ذكر,10,القاهرة، 6 أكتوبر,01106388628,2023-09-14,مدرسة النجوم,2,ربو,ناجح,1
955,ندى إبراهيم,أنثى,12,القاهرة، مدينة نصر,01027587899,2023-09-10,مدرسة الشروق,2,ربو,راسب,1
956,هبة حلمي,أنثى,12,الإسكندرية، سموحة,01092397756,2023-09-09,مدرسة اللوتس,0,ربو,ناجح,1
957,محمود إبراهيم,ذكر,12,القاهرة، المعادي,01518810775,2023-09-23,مدرسة جرين,1,حساسية,راسب,1
958,محمد كامل,ذكر,12,الإسكندرية، سموحة,01511193120,2023-09-17,مدرسة النجوم,1,ربو,راسب,1
959,هبة سالم,أنثى,10,القاهرة، المعادي,01219704344,2023-09-03,مدرسة المستقبل,0,لا يوجد,ناجح,1
960,محمد عبدالعزيز,ذكر,10,القاهرة، 6 أكتوبر,01099627723,2023-09-13,مدرسة النخيل,0,حساسية,ناجح,1
961,محمد فؤاد,ذكر,10,القاهرة، مصر الجديدة,01279152894,2023-09-02,مدرسة النخيل,1,لا يوجد,راسب,1
962,مريم عبدالله,أنثى,11,الإسكندرية، العجمي,01150522631,2023-09-18,مدرسة النيل,1,حساسية,ناجح,1
963,سعيد عبدالرحمن,ذكر,10,الجيزة، الدقي,01274671726,2023-09-01,مدرسة الشروق,2,ربو,ناجح,1
964,عمر عبدالرحمن,ذكر,12,القاهرة، مصر الجديدة,01149565410,2023-09-21,مدرسة المحيط,0,حساسية,راسب,1
965,فاطمة فؤاد,أنثى,12,القاهرة، المعادي,01058396583,2023-09-05,مدرسة الشروق,0,حساسية,راسب,1
966,ندى فؤاد,أنثى,10,القاهرة، مصر الجديدة,01236978902,2023-09-14,مدرسة جرين,0,لا يوجد,ناجح,1
967,محمود عبدالله,ذكر,10,القاهرة، 6 أكتوبر,01082398117,2023-09-01,مدرسة النجوم,1,ضغط,راسب,1
968,سارة كامل,أنثى,12,الجيزة، الدقي,01063299411,2023-09-17,مدرسة جرين,0,ضغط,راسب,1
969,سعيد حلمي,ذكر,11,الإسكندرية، سموحة,01287781732,2023-09-02,مدرسة النخيل,0,سكر,ناجح,1
970,سعيد حلمي,ذكر,10,الإسكندرية، العجمي,01589806762,2023-09-01,مدرسة النجوم,0,سكر,ناجح,1
971,هبة فؤاد,أنثى,12,القاهرة، 6 أكتوبر,01518525317,2023-09-17,مدرسة الشروق,0,ضغط,ناجح,1
972,عمر فؤاد,ذكر,11,الجيزة، الدقي,01135619522,2023-09-06,مدرسة النيل,2,ضغط,راسب,1
973,فاطمة كامل,أنثى,10,الجيزة، الهرم,01137421921,2023-09-04,مدرسة اللوتس,0,لا يوجد,راسب,1
974,بسمة كامل,أنثى,12,الجيزة، الدقي,01244887706,2023-09-10,مدرسة الشروق,0,لا يوجد,ناجح,1
975,دينا كامل,أنثى,12,الإسكندرية، سموحة,01596479795,2023-09-21,مدرسة النيل,1,ضغط,ناجح,1
976,فاطمة سعيد,أنثى,12,القاهرة، المعادي,01074246947,2023-09-21,مدرسة المستقبل,1,ضغط,ناجح,1
977,نور إبراهيم,أنثى,11,القاهرة، مصر الجديدة,01534177189,2023-09-23,مدرسة النخيل,0,ضغط,راسب,1
978,فاطمة كامل,أنثى,12,القاهرة، مدينة نصر,01013987712,2023-09-12,مدرسة النجوم,1,حساسية,راسب,1
979,محمد فؤاد,ذكر,11,القاهرة، مصر الجديدة,01552947329,2023-09-25,مدرسة المستقبل,0,ضغط,راسب,1
980,يوسف سعيد,ذكر,11,الإسكندرية، العجمي,01175720808,2023-09-04,مدرسة المستقبل,0,ضغط,ناجح,1
981,عمر سعيد,ذكر,12,القاهرة، مصر الجديدة,01105211201,2023-09-15,مدرسة النخيل,0,ضغط,ناجح,1
982,يوسف سالم,ذكر,12,الإسكندرية، سموحة,01106978190,2023-09-21,مدرسة النجوم,2,حساسية,ناجح,1
983,أحمد عبدالرحمن,ذكر,11,القاهرة، المعادي,01528558225,2023-09-27,مدرسة النيل,0,حساسية,راسب,1
984,عمر حسن,ذكر,10,الجيزة، الهرم,01521088637,2023-09-30,مدرسة النجوم,2,لا يوجد,ناجح,1
985,أحمد فؤاد,ذكر,11,القاهرة، 6 أكتوبر,01265784280,2023-09-29,مدرسة اللوتس,0,سكر,راسب,1
986,بسمة فؤاد,أنثى,10,القاهرة، 6 أكتوبر,01104714880,2023-09-07,مدرسة المحيط,0,حساسية,راسب,1
987,عمر سعيد,ذكر,10,القاهرة، 6 أكتوبر,01084689076,2023-09-04,مدرسة جرين,2,ضغط,راسب,1
988,نور سالم,أنثى,10,القاهرة، مدينة نصر,01130256071,2023-09-03,مدرسة المحيط,0,لا يوجد,ناجح,1
989,بسمة عبدالرحمن,أنثى,11,الإسكندرية، سموحة,01542847268,2023-09-22,مدرسة المحيط,0,سكر,راسب,1
990,فاطمة حسن,أنثى,10,القاهرة، مصر الجديدة,01061436200,2023-09-22,مدرسة النخيل,1,سكر,ناجح,1
991,نور حلمي,أنثى,11,الجيزة، الدقي,01191562039,2023-09-09,مدرسة اللوتس,2,حساسية,ناجح,1
992,حسن سعيد,ذكر,12,الإسكندرية، سموحة,01243750732,2023-09-09,مدرسة المحيط,0,ربو,راسب,1
993,حسن حلمي,ذكر,10,الإسكندرية، سموحة,01594563071,2023-09-24,مدرسة المحيط,0,ربو,ناجح,1
994,مريم إبراهيم,أنثى,10,الإسكندرية، سموحة,01589300968,2023-09-28,مدرسة النجوم,0,ربو,ناجح,1
995,بسمة سالم,أنثى,10,الجيزة، الهرم,01024100995,2023-09-15,مدرسة المحيط,0,لا يوجد,راسب,1
996,نور سالم,أنثى,11,الجيزة، الهرم,01224581700,2023-09-05,مدرسة المحيط,0,حساسية,راسب,1
997,مريم فؤاد,أنثى,12,الجيزة، الهرم,01217226535,2023-09-20,مدرسة النخيل,0,لا يوجد,راسب,1
998,عمر كامل,ذكر,11,الإسكندرية، العجمي,01575908698,2023-09-19,مدرسة النجوم,1,ربو,راسب,1
999,رنا عبدالله,أنثى,10,القاهرة، مصر الجديدة,01292074908,2023-09-21,مدرسة المحيط,0,لا يوجد,راسب,1
1000,سارة عبدالرحمن,أنثى,10,القاهرة، مصر الجديدة,01298295672,2023-09-08,مدرسة الشروق,1,سكر,راسب,1
